epoch,time,train/box_loss,train/cls_loss,train/dfl_loss,metrics/precision(B),metrics/recall(B),metrics/mAP50(B),metrics/mAP50-95(B),val/box_loss,val/cls_loss,val/dfl_loss,lr/pg0,lr/pg1,lr/pg2
1,3.49768,1.76631,3.52794,1.54052,0.08784,0.12512,0.04759,0.02037,1.75775,3.18885,1.55023,0.0007,0.0007,0.0007
2,6.07708,1.53082,2.37245,1.44278,0.6677,0.69277,0.74105,0.51103,1.12371,2.17855,1.23028,0.00149926,0.00149926,0.00149926
3,8.85699,1.25835,1.28084,1.29081,0.83106,0.88968,0.92306,0.68529,0.99217,1.09333,1.12942,0.00229772,0.00229772,0.00229772
4,11.4701,1.13066,0.93649,1.22757,0.9456,0.88091,0.97783,0.70888,0.98381,0.79847,1.13339,0.0030954,0.0030954,0.0030954
5,14.4735,1.03172,0.75171,1.14185,0.98365,0.97837,0.99134,0.72517,0.99381,0.61584,1.13688,0.00389228,0.00389228,0.00389228
6,17.1854,0.99112,0.68302,1.10676,0.97716,0.98685,0.99056,0.75024,0.92834,0.56106,1.07952,0.00468837,0.00468837,0.00468837
7,19.8353,0.98262,0.6458,1.10053,0.99041,0.99087,0.99497,0.75327,0.91497,0.48719,1.07762,0.00548366,0.00548366,0.00548366
8,22.4763,1.01847,0.63476,1.12511,0.99493,0.99376,0.99493,0.75673,0.9302,0.4503,1.06654,0.00627817,0.00627817,0.00627817
9,25.172,0.97744,0.63159,1.09737,0.95737,0.916,0.98758,0.76498,0.87201,0.59648,1.02308,0.00707188,0.00707188,0.00707188
10,27.8079,0.98125,0.62592,1.09344,0.98276,0.98873,0.9941,0.75817,0.89709,0.47173,1.04338,0.00786481,0.00786481,0.00786481
11,30.2964,1.02062,0.62129,1.10235,0.95318,0.96677,0.98754,0.75889,0.93221,0.55946,1.05118,0.00865693,0.00865693,0.00865693
12,32.7808,1.01993,0.65971,1.08305,0.97235,0.96331,0.99177,0.74253,0.92276,0.59615,1.03781,0.00944827,0.00944827,0.00944827
13,35.7684,1.01559,0.65574,1.09774,0.97508,0.96752,0.99161,0.73865,0.93841,0.91017,1.05827,0.0099406,0.0099406,0.0099406
14,38.2223,1.05601,0.70287,1.10295,0.95201,0.92767,0.97576,0.67726,1.05954,0.938,1.19882,0.00993565,0.00993565,0.00993565
15,40.844,1.06095,0.64935,1.09586,0.9626,0.96548,0.9898,0.74648,0.92867,1.1062,1.08495,0.0099307,0.0099307,0.0099307
16,43.4469,1.01182,0.62154,1.0809,0.85289,0.87041,0.93738,0.70778,0.9218,1.48585,1.08325,0.00992575,0.00992575,0.00992575
17,46.2354,1.02452,0.63692,1.07555,0.86775,0.74499,0.90629,0.60477,1.15409,1.30841,1.21262,0.0099208,0.0099208,0.0099208
18,49.0378,1.06358,0.64383,1.09931,0.95199,0.90691,0.97629,0.72293,0.96942,1.11614,1.11647,0.00991585,0.00991585,0.00991585
19,51.5815,1.00301,0.62964,1.07547,0.93576,0.92497,0.97054,0.6868,1.03891,0.89147,1.15064,0.0099109,0.0099109,0.0099109
20,54.1149,0.98729,0.59668,1.0615,0.87693,0.78904,0.88725,0.6079,1.15482,1.47419,1.17219,0.00990595,0.00990595,0.00990595
21,56.8126,1.00868,0.60154,1.07348,0.91788,0.92581,0.96532,0.68413,1.06236,0.73522,1.17262,0.009901,0.009901,0.009901
22,59.5565,0.99856,0.5892,1.05509,0.86403,0.92993,0.95067,0.68716,0.98771,0.75844,1.11932,0.00989605,0.00989605,0.00989605
23,62.1334,0.98,0.59382,1.05856,0.962,0.96799,0.99042,0.73579,0.98317,0.62114,1.07665,0.0098911,0.0098911,0.0098911
24,64.806,1.00541,0.60131,1.06976,0.96117,0.96335,0.99081,0.74333,0.95166,0.79634,1.06405,0.00988615,0.00988615,0.00988615
25,67.5709,1.00229,0.5811,1.05616,0.95882,0.94554,0.98275,0.72352,0.96923,0.67451,1.0525,0.0098812,0.0098812,0.0098812
26,71.1515,0.99795,0.57857,1.05032,0.95801,0.94371,0.97578,0.71019,1.006,0.92447,1.12051,0.00987625,0.00987625,0.00987625
27,74.1917,0.96881,0.56244,1.05232,0.91065,0.85747,0.95825,0.69949,0.98069,1.12867,1.09506,0.0098713,0.0098713,0.0098713
28,77.2816,0.97516,0.57796,1.04665,0.8862,0.92725,0.97226,0.72,0.95459,0.9279,1.09743,0.00986635,0.00986635,0.00986635
29,80.2536,0.95699,0.55184,1.03637,0.91039,0.9734,0.97499,0.72563,0.95361,0.86284,1.0921,0.0098614,0.0098614,0.0098614
30,82.9761,0.95703,0.56873,1.04791,0.96276,0.9507,0.98325,0.75176,0.92148,0.59448,1.03919,0.00985645,0.00985645,0.00985645
31,85.7957,0.97342,0.55424,1.04616,0.95457,0.98724,0.98955,0.74711,0.90223,0.66286,1.01664,0.0098515,0.0098515,0.0098515
32,88.6945,0.94314,0.54357,1.04008,0.97537,0.97837,0.99359,0.76094,0.89531,0.49664,1.02161,0.00984655,0.00984655,0.00984655
33,91.4021,0.97386,0.56362,1.04215,0.97045,0.9073,0.96179,0.73166,0.91221,0.55875,1.04295,0.0098416,0.0098416,0.0098416
34,94.4342,0.92614,0.5475,1.03114,0.96474,0.97274,0.98779,0.7323,0.96944,0.53431,1.1033,0.00983665,0.00983665,0.00983665
35,97.2887,0.93988,0.55107,1.03528,0.93028,0.86772,0.95382,0.71649,0.97732,0.60631,1.06916,0.0098317,0.0098317,0.0098317
36,100.315,0.93586,0.53579,1.03142,0.92821,0.93439,0.97725,0.74406,0.91013,0.62998,1.04383,0.00982675,0.00982675,0.00982675
37,103.138,0.92554,0.53881,1.03252,0.93962,0.92541,0.98092,0.75173,0.90598,0.53269,1.02902,0.0098218,0.0098218,0.0098218
38,105.95,0.96194,0.53735,1.04681,0.95745,0.93729,0.97904,0.74598,0.89843,0.5856,1.04495,0.00981685,0.00981685,0.00981685
39,108.595,0.93291,0.53419,1.03355,0.85648,0.43708,0.52017,0.33713,1.4407,2.08769,1.36056,0.0098119,0.0098119,0.0098119
40,111.429,0.94072,0.53211,1.03641,0.96864,0.94973,0.98607,0.7326,0.92029,0.80031,1.03407,0.00980695,0.00980695,0.00980695
41,114.111,0.96304,0.53651,1.0288,0.98208,0.98379,0.99102,0.76169,0.89664,0.51818,1.03271,0.009802,0.009802,0.009802
42,116.944,0.93185,0.55655,1.03784,0.97459,0.96772,0.98959,0.73678,0.96866,0.52294,1.07816,0.00979705,0.00979705,0.00979705
43,119.644,0.94328,0.52319,1.02934,0.96374,0.98935,0.99301,0.77399,0.87152,0.50392,1.0132,0.0097921,0.0097921,0.0097921
44,122.772,0.92202,0.52843,1.02843,0.97796,0.9864,0.99126,0.76497,0.87455,0.50833,1.0165,0.00978715,0.00978715,0.00978715
45,125.624,0.92457,0.52761,1.0442,0.97397,0.9873,0.98978,0.77572,0.85983,0.48358,1.00651,0.0097822,0.0097822,0.0097822
46,128.316,0.92437,0.51887,1.03399,0.96609,0.96369,0.98966,0.75455,0.87795,0.59819,1.0386,0.00977725,0.00977725,0.00977725
47,131.009,0.93074,0.52114,1.0348,0.97018,0.98588,0.99091,0.74786,0.92497,0.59876,1.0438,0.0097723,0.0097723,0.0097723
48,133.866,0.90431,0.50799,1.02619,0.9607,0.98999,0.99305,0.77157,0.83963,0.52558,1.00256,0.00976735,0.00976735,0.00976735
49,136.542,0.91843,0.51502,1.03027,0.96491,0.98266,0.98538,0.74579,0.91318,0.49477,1.02617,0.0097624,0.0097624,0.0097624
50,139.381,0.91866,0.50333,1.03507,0.98492,0.95043,0.98751,0.75457,0.91329,0.49472,1.0138,0.00975745,0.00975745,0.00975745
51,141.94,0.89796,0.49961,1.01158,0.97684,0.98426,0.99391,0.7605,0.92254,0.49545,1.0093,0.0097525,0.0097525,0.0097525
52,144.812,0.90925,0.50267,1.01461,0.98032,0.98168,0.99106,0.76265,0.87041,0.44857,1.01561,0.00974755,0.00974755,0.00974755
53,147.481,0.8823,0.4896,1.01082,0.92402,0.88753,0.9661,0.7411,0.91287,0.5859,1.02811,0.0097426,0.0097426,0.0097426
54,150.332,0.89727,0.49691,1.00965,0.98388,0.94668,0.98875,0.76321,0.90979,0.47231,1.03402,0.00973765,0.00973765,0.00973765
55,153.06,0.8784,0.48397,1.01371,0.98841,0.99349,0.99368,0.7795,0.85292,0.44329,0.98709,0.0097327,0.0097327,0.0097327
56,155.938,0.86862,0.47872,0.996,0.96219,0.98901,0.99235,0.77344,0.84608,0.43584,0.97648,0.00972775,0.00972775,0.00972775
57,158.653,0.89837,0.50236,1.0089,0.98937,0.9889,0.99475,0.77433,0.86766,0.45639,0.98246,0.0097228,0.0097228,0.0097228
58,161.316,0.87838,0.49625,1.00682,0.98806,0.98333,0.99269,0.76873,0.90775,0.45068,1.01665,0.00971785,0.00971785,0.00971785
59,164.519,0.89265,0.50088,1.01481,0.98704,0.98217,0.99396,0.7829,0.82313,0.4622,0.97909,0.0097129,0.0097129,0.0097129
60,167.424,0.90352,0.48913,1.02987,0.98555,0.99,0.99487,0.77797,0.83422,0.42595,0.9897,0.00970795,0.00970795,0.00970795
61,170.195,0.87982,0.49718,1.01848,0.99028,0.97844,0.99381,0.77071,0.88327,0.44139,1.02318,0.009703,0.009703,0.009703
62,172.989,0.88475,0.4921,1.01312,0.98718,0.99152,0.99064,0.78324,0.86646,0.43325,1.00406,0.00969805,0.00969805,0.00969805
63,175.744,0.88389,0.49941,1.00552,0.95546,0.9808,0.97877,0.77165,0.85426,0.46126,1.0051,0.0096931,0.0096931,0.0096931
64,178.423,0.87105,0.48421,1.0044,0.98045,0.98419,0.99359,0.78602,0.82441,0.43432,0.98175,0.00968815,0.00968815,0.00968815
65,181.412,0.87252,0.48128,1.002,0.98665,0.98872,0.99279,0.76111,0.88193,0.45575,1.00107,0.0096832,0.0096832,0.0096832
66,184.23,0.881,0.48131,1.00472,0.97742,0.98325,0.99238,0.78539,0.82499,0.48738,0.98262,0.00967825,0.00967825,0.00967825
67,187.209,0.87962,0.48819,1.02018,0.98958,0.98646,0.99457,0.77577,0.84525,0.53667,0.98208,0.0096733,0.0096733,0.0096733
68,189.993,0.86528,0.47582,1.00068,0.99023,0.98848,0.99434,0.76576,0.88424,0.45369,1.00581,0.00966835,0.00966835,0.00966835
69,192.731,0.8787,0.48507,1.01655,0.98132,0.97967,0.99053,0.76669,0.86058,0.49024,1.00177,0.0096634,0.0096634,0.0096634
70,195.499,0.85311,0.47231,0.99669,0.9667,0.98648,0.98404,0.77934,0.81909,0.41262,0.98982,0.00965845,0.00965845,0.00965845
71,198.274,0.86882,0.46512,1.00348,0.98846,0.986,0.99459,0.79168,0.84217,0.41738,0.99848,0.0096535,0.0096535,0.0096535
72,201.178,0.86806,0.47078,1.00316,0.98514,0.99365,0.99419,0.78345,0.81012,0.42351,0.97403,0.00964855,0.00964855,0.00964855
73,203.962,0.86122,0.47438,0.99762,0.98451,0.98958,0.98694,0.77253,0.83927,0.42179,0.98861,0.0096436,0.0096436,0.0096436
74,206.742,0.86172,0.47398,1.00672,0.99377,0.99271,0.9938,0.78734,0.83904,0.40625,0.98852,0.00963865,0.00963865,0.00963865
75,209.657,0.8659,0.47248,0.99157,0.98658,0.9864,0.99389,0.78723,0.82952,0.42171,0.9731,0.0096337,0.0096337,0.0096337
76,212.44,0.84632,0.47003,0.99379,0.99358,0.97484,0.99122,0.77502,0.8551,0.43525,0.98411,0.00962875,0.00962875,0.00962875
77,215.141,0.84792,0.46599,0.98296,0.9955,0.9805,0.99389,0.77765,0.85657,0.47681,0.9908,0.0096238,0.0096238,0.0096238
78,217.929,0.84804,0.46474,0.98417,0.97594,0.99267,0.98974,0.79278,0.81349,0.43537,0.97436,0.00961885,0.00961885,0.00961885
79,220.79,0.84354,0.46885,0.98919,0.98834,0.98494,0.99361,0.8012,0.78908,0.4132,0.95795,0.0096139,0.0096139,0.0096139
80,223.732,0.84999,0.46693,0.99225,0.99448,0.99559,0.99448,0.79351,0.78874,0.40459,0.9591,0.00960895,0.00960895,0.00960895
81,226.605,0.8263,0.46283,0.99201,0.97366,0.97953,0.99057,0.77051,0.87628,0.48528,1.0064,0.009604,0.009604,0.009604
82,229.436,0.84986,0.45898,0.98675,0.97959,0.98958,0.99458,0.79541,0.8207,0.40726,0.97989,0.00959905,0.00959905,0.00959905
83,232.06,0.81943,0.45407,0.98453,0.98,0.94365,0.99173,0.77487,0.8665,0.44557,0.99769,0.0095941,0.0095941,0.0095941
84,234.921,0.85232,0.4658,1.00237,0.96252,0.94092,0.98732,0.77622,0.89828,0.46624,1.0154,0.00958915,0.00958915,0.00958915
85,237.656,0.83104,0.45569,0.98643,0.99095,0.99828,0.99489,0.78225,0.8127,0.3861,0.98271,0.0095842,0.0095842,0.0095842
86,240.421,0.83155,0.44202,0.99201,0.99227,0.98932,0.99406,0.78857,0.81423,0.37765,0.97015,0.00957925,0.00957925,0.00957925
87,243.264,0.83187,0.45294,0.99027,0.98227,0.9818,0.98793,0.77731,0.83167,0.42688,0.98889,0.0095743,0.0095743,0.0095743
88,245.917,0.83498,0.45357,0.99545,0.9848,0.99277,0.99226,0.78615,0.85856,0.39347,0.99062,0.00956935,0.00956935,0.00956935
89,248.543,0.83406,0.45506,0.98943,0.9789,0.97205,0.98815,0.77235,0.83988,0.50368,0.99153,0.0095644,0.0095644,0.0095644
90,251.164,0.81877,0.45312,0.98444,0.98597,0.97695,0.98901,0.76952,0.83165,0.42916,0.99929,0.00955945,0.00955945,0.00955945
91,254.119,0.81648,0.44127,0.98077,0.98527,0.99365,0.99458,0.78703,0.81485,0.40556,0.97086,0.0095545,0.0095545,0.0095545
92,256.882,0.817,0.44496,0.98966,0.97579,0.98231,0.98986,0.78487,0.80991,0.45051,0.96623,0.00954955,0.00954955,0.00954955
93,259.664,0.81496,0.4384,0.98649,0.9919,0.98951,0.99461,0.78993,0.81492,0.40331,0.95366,0.0095446,0.0095446,0.0095446
94,262.403,0.82651,0.4398,0.97865,0.98972,0.9612,0.99088,0.78806,0.81939,0.41326,0.95856,0.00953965,0.00953965,0.00953965
95,265.185,0.829,0.45897,0.97838,0.98554,0.99625,0.99455,0.77889,0.86659,0.40487,0.97108,0.0095347,0.0095347,0.0095347
96,267.974,0.82456,0.45205,0.99391,0.98542,0.98396,0.98708,0.79635,0.80627,0.3948,0.9565,0.00952975,0.00952975,0.00952975
97,270.748,0.81101,0.44681,0.9805,0.96838,0.9622,0.98259,0.77817,0.83824,0.42823,0.98026,0.0095248,0.0095248,0.0095248
98,273.717,0.80697,0.44205,0.97433,0.98882,0.99379,0.99126,0.80224,0.77344,0.39346,0.95574,0.00951985,0.00951985,0.00951985
99,276.614,0.80594,0.43364,0.97271,0.98062,1,0.9928,0.78697,0.79416,0.37708,0.95888,0.0095149,0.0095149,0.0095149
100,279.338,0.80888,0.43589,0.97706,0.98357,0.98632,0.98738,0.79075,0.78119,0.39266,0.94812,0.00950995,0.00950995,0.00950995
101,282.091,0.80917,0.43703,0.97476,0.98817,0.99538,0.99324,0.79353,0.80827,0.38166,0.96271,0.009505,0.009505,0.009505
102,284.902,0.80463,0.43455,0.97392,0.98083,0.99634,0.99197,0.79462,0.79887,0.39104,0.96248,0.00950005,0.00950005,0.00950005
103,287.709,0.81802,0.4429,0.98698,0.99466,0.99683,0.99482,0.7816,0.82123,0.37731,0.96246,0.0094951,0.0094951,0.0094951
104,290.542,0.79563,0.41868,0.96629,0.99284,0.99468,0.99151,0.80528,0.79516,0.37388,0.96577,0.00949015,0.00949015,0.00949015
105,293.48,0.79891,0.42931,0.97147,0.99163,0.99928,0.99493,0.80555,0.78953,0.36299,0.95612,0.0094852,0.0094852,0.0094852
106,296.479,0.79373,0.43086,0.97435,0.99103,1,0.99489,0.80251,0.8042,0.36418,0.9669,0.00948025,0.00948025,0.00948025
107,299.224,0.80285,0.42473,0.96953,0.98678,0.99365,0.99461,0.78672,0.84485,0.40039,1.00249,0.0094753,0.0094753,0.0094753
108,301.943,0.80391,0.43202,0.97963,0.99339,0.99048,0.99437,0.79393,0.81911,0.39736,0.98046,0.00947035,0.00947035,0.00947035
109,304.776,0.83097,0.45147,0.98297,0.99348,0.99777,0.99496,0.81086,0.78464,0.37109,0.96412,0.0094654,0.0094654,0.0094654
110,307.682,0.83479,0.4396,0.99489,0.98819,0.99813,0.9945,0.80325,0.8045,0.37583,0.97097,0.00946045,0.00946045,0.00946045
111,310.399,0.78382,0.42507,0.96288,0.99124,0.9937,0.9949,0.79429,0.80949,0.39573,0.96701,0.0094555,0.0094555,0.0094555
112,313.173,0.78929,0.42377,0.97014,0.98727,0.99534,0.9941,0.79229,0.81587,0.38621,0.9734,0.00945055,0.00945055,0.00945055
113,315.856,0.79826,0.42718,0.97829,0.99216,0.99905,0.99496,0.7978,0.80784,0.38694,0.958,0.0094456,0.0094456,0.0094456
114,318.712,0.78474,0.42551,0.97099,0.99137,0.99051,0.99487,0.79722,0.7879,0.37647,0.96017,0.00944065,0.00944065,0.00944065
115,321.719,0.81214,0.42339,0.97379,0.98413,0.99365,0.9947,0.79872,0.7976,0.37886,0.96573,0.0094357,0.0094357,0.0094357
116,324.436,0.81426,0.4365,0.98978,0.9965,0.99507,0.99194,0.81022,0.78287,0.36409,0.95741,0.00943075,0.00943075,0.00943075
117,327.242,0.80647,0.42806,0.98635,0.99232,0.99316,0.98978,0.79945,0.7839,0.36811,0.9469,0.0094258,0.0094258,0.0094258
118,330.138,0.78228,0.42288,0.96853,0.98856,0.99525,0.99251,0.79752,0.79858,0.36826,0.94872,0.00942085,0.00942085,0.00942085
119,332.946,0.79288,0.42833,0.96464,0.98938,0.99044,0.99487,0.80487,0.79187,0.36195,0.96286,0.0094159,0.0094159,0.0094159
120,335.57,0.78423,0.41931,0.96858,0.98865,0.99119,0.99351,0.81911,0.75804,0.36238,0.9362,0.00941095,0.00941095,0.00941095
121,338.43,0.7794,0.42096,0.96109,0.98352,0.99316,0.99177,0.81178,0.77697,0.37258,0.94436,0.009406,0.009406,0.009406
122,341.134,0.78485,0.42507,0.96684,0.99071,0.98756,0.99157,0.81486,0.78986,0.37445,0.95513,0.00940105,0.00940105,0.00940105
123,343.777,0.79807,0.42557,0.96203,0.9932,0.98999,0.99322,0.80856,0.78209,0.37063,0.93947,0.0093961,0.0093961,0.0093961
124,346.533,0.78705,0.42033,0.95919,0.99542,0.98751,0.9928,0.80713,0.79128,0.36231,0.94987,0.00939115,0.00939115,0.00939115
125,349.129,0.79592,0.41727,0.97375,0.99032,0.99283,0.99493,0.80434,0.75891,0.38056,0.94381,0.0093862,0.0093862,0.0093862
126,352.227,0.76448,0.41654,0.96089,0.99261,0.99271,0.99108,0.80678,0.78002,0.38282,0.96105,0.00938125,0.00938125,0.00938125
127,355.031,0.76932,0.41319,0.95829,0.98924,0.98954,0.99434,0.80534,0.81161,0.38148,0.97612,0.0093763,0.0093763,0.0093763
128,357.636,0.77916,0.41943,0.96522,0.9926,0.99267,0.99296,0.79926,0.80859,0.36291,0.96415,0.00937135,0.00937135,0.00937135
129,360.404,0.81059,0.42796,0.98624,0.97948,0.89032,0.92409,0.71374,0.91711,0.55166,1.03532,0.0093664,0.0093664,0.0093664
130,363.252,0.75122,0.40645,0.94569,0.98093,0.90573,0.94533,0.72662,0.91222,0.68268,1.03094,0.00936145,0.00936145,0.00936145
131,365.988,0.78026,0.41981,0.96609,0.98121,0.93118,0.96151,0.72713,0.92721,0.5249,1.0275,0.0093565,0.0093565,0.0093565
132,368.751,0.77409,0.40922,0.9603,0.99133,0.99491,0.995,0.80716,0.78368,0.37718,0.93452,0.00935155,0.00935155,0.00935155
133,371.481,0.78621,0.42165,0.96559,0.99138,1,0.9946,0.8028,0.7753,0.36249,0.9406,0.0093466,0.0093466,0.0093466
134,374.331,0.78241,0.41828,0.96184,0.99164,0.99634,0.99209,0.80352,0.77703,0.36118,0.94568,0.00934165,0.00934165,0.00934165
135,377.242,0.79386,0.42246,0.96441,0.98754,0.99371,0.99238,0.80122,0.79417,0.36536,0.95811,0.0093367,0.0093367,0.0093367
136,380.331,0.78197,0.41803,0.97081,0.98953,0.99634,0.98853,0.79967,0.78848,0.36462,0.95788,0.00933175,0.00933175,0.00933175
137,383.222,0.7663,0.41184,0.95303,0.99055,0.97552,0.98479,0.78443,0.81251,0.69296,0.96486,0.0093268,0.0093268,0.0093268
138,385.985,0.77218,0.4116,0.96127,0.97941,0.98999,0.99017,0.78097,0.79164,0.39982,0.95919,0.00932185,0.00932185,0.00932185
139,388.723,0.78167,0.41414,0.97503,0.98851,0.98016,0.98811,0.79126,0.79893,0.37141,0.97373,0.0093169,0.0093169,0.0093169
140,391.464,0.76377,0.40094,0.96049,0.99696,0.99683,0.995,0.80911,0.77785,0.35851,0.9576,0.00931195,0.00931195,0.00931195
141,394.331,0.75686,0.40204,0.96655,0.98946,0.99273,0.99296,0.81417,0.78296,0.3527,0.9552,0.009307,0.009307,0.009307
142,397.139,0.74812,0.39564,0.94818,0.99348,0.99639,0.99414,0.80808,0.78696,0.3609,0.96363,0.00930205,0.00930205,0.00930205
143,399.919,0.74908,0.39918,0.96151,0.99833,0.9905,0.99488,0.80438,0.75836,0.36209,0.96124,0.0092971,0.0092971,0.0092971
144,402.868,0.75219,0.40392,0.96453,0.99436,0.99048,0.99328,0.78699,0.78156,0.37038,0.96187,0.00929215,0.00929215,0.00929215
145,405.535,0.74681,0.39928,0.95996,0.97103,0.97425,0.98774,0.78937,0.7741,0.4733,0.94657,0.0092872,0.0092872,0.0092872
146,408.185,0.76473,0.40311,0.95422,0.99558,0.99162,0.99461,0.80603,0.79951,0.36187,0.95338,0.00928225,0.00928225,0.00928225
147,411.094,0.7649,0.40333,0.96081,0.98653,0.98838,0.9917,0.79984,0.76933,0.36358,0.95052,0.0092773,0.0092773,0.0092773
148,413.868,0.76159,0.40269,0.95452,0.99317,0.99254,0.99481,0.82523,0.74576,0.34165,0.9478,0.00927235,0.00927235,0.00927235
149,416.781,0.75755,0.3913,0.9582,0.99163,0.99365,0.99463,0.81963,0.74903,0.34912,0.95189,0.0092674,0.0092674,0.0092674
150,419.518,0.76797,0.40247,0.95881,0.99317,0.99316,0.99048,0.81565,0.73601,0.3528,0.93438,0.00926245,0.00926245,0.00926245
151,422.243,0.75183,0.39512,0.95473,0.99315,0.9904,0.99066,0.80727,0.74194,0.35032,0.92815,0.0092575,0.0092575,0.0092575
152,425.08,0.74896,0.39526,0.94026,0.98795,0.98834,0.99162,0.81345,0.73694,0.34322,0.92296,0.00925255,0.00925255,0.00925255
153,428.144,0.75126,0.39426,0.95158,0.99249,0.99143,0.99142,0.8065,0.77484,0.34694,0.93665,0.0092476,0.0092476,0.0092476
154,430.82,0.75664,0.39495,0.94163,0.98902,0.9889,0.99157,0.80697,0.78487,0.35311,0.94555,0.00924265,0.00924265,0.00924265
155,433.687,0.75248,0.39065,0.94564,0.9896,0.98951,0.99382,0.80432,0.7786,0.34629,0.95337,0.0092377,0.0092377,0.0092377
156,436.352,0.756,0.39609,0.95019,0.99444,0.99107,0.9925,0.8163,0.75023,0.3462,0.94438,0.00923275,0.00923275,0.00923275
157,439.165,0.74026,0.39264,0.94916,0.99236,0.99634,0.99284,0.81627,0.73652,0.3446,0.93316,0.0092278,0.0092278,0.0092278
158,441.989,0.73685,0.38357,0.94383,0.99357,0.9959,0.99227,0.81646,0.75403,0.34485,0.92916,0.00922285,0.00922285,0.00922285
159,444.874,0.75691,0.39103,0.95102,0.99034,0.9886,0.99342,0.82176,0.76001,0.3407,0.93663,0.0092179,0.0092179,0.0092179
160,447.746,0.76304,0.40428,0.95777,0.99003,0.99683,0.99351,0.79816,0.78647,0.35818,0.95738,0.00921295,0.00921295,0.00921295
161,450.529,0.74915,0.39999,0.96153,0.99125,0.99683,0.99493,0.8232,0.74774,0.34016,0.95014,0.009208,0.009208,0.009208
162,453.526,0.74036,0.38976,0.94829,0.99532,0.99737,0.99496,0.8255,0.7437,0.33306,0.93618,0.00920305,0.00920305,0.00920305
163,456.39,0.74329,0.39271,0.94898,0.98868,0.99737,0.99177,0.81236,0.75238,0.34163,0.93938,0.0091981,0.0091981,0.0091981
164,458.998,0.74759,0.39216,0.95355,0.99739,0.99316,0.99493,0.82131,0.76016,0.33573,0.9424,0.00919315,0.00919315,0.00919315
165,461.832,0.73866,0.38828,0.9522,0.99261,0.99316,0.99336,0.79917,0.75835,0.39373,0.94511,0.0091882,0.0091882,0.0091882
166,464.719,0.74463,0.3922,0.96177,0.99426,0.99033,0.99479,0.81654,0.74829,0.34139,0.94777,0.00918325,0.00918325,0.00918325
167,467.532,0.74167,0.38618,0.94699,0.99204,0.99122,0.99391,0.81982,0.76044,0.34336,0.9532,0.0091783,0.0091783,0.0091783
168,470.576,0.75193,0.38864,0.94812,0.99206,0.9874,0.99423,0.80689,0.77954,0.34368,0.95613,0.00917335,0.00917335,0.00917335
169,473.424,0.75415,0.39149,0.94595,0.99893,0.99594,0.995,0.80702,0.78437,0.33842,0.96375,0.0091684,0.0091684,0.0091684
170,476.25,0.7261,0.39101,0.95567,0.99849,0.9937,0.995,0.81484,0.77443,0.34302,0.96182,0.00916345,0.00916345,0.00916345
171,479,0.73704,0.38016,0.96137,0.99878,0.99723,0.995,0.80409,0.77233,0.39695,0.95081,0.0091585,0.0091585,0.0091585
172,481.703,0.74323,0.38618,0.95388,0.995,1,0.99491,0.81221,0.76574,0.33749,0.94696,0.00915355,0.00915355,0.00915355
173,484.498,0.72695,0.39199,0.94386,0.99494,0.99488,0.995,0.81529,0.73656,0.33424,0.93212,0.0091486,0.0091486,0.0091486
174,487.351,0.7307,0.38541,0.94283,0.99397,0.99634,0.99493,0.81585,0.74985,0.33032,0.93446,0.00914365,0.00914365,0.00914365
175,490.301,0.71188,0.3775,0.93007,0.99516,0.99634,0.99244,0.82138,0.74108,0.32855,0.92805,0.0091387,0.0091387,0.0091387
176,493.054,0.72379,0.37844,0.94064,0.99874,0.9962,0.995,0.82536,0.7544,0.34377,0.93967,0.00913375,0.00913375,0.00913375
177,495.709,0.73595,0.38961,0.95719,0.99577,0.99683,0.995,0.82316,0.74176,0.34535,0.94121,0.0091288,0.0091288,0.0091288
178,498.496,0.71672,0.37888,0.94009,0.99489,0.99567,0.995,0.81662,0.73831,0.33355,0.94109,0.00912385,0.00912385,0.00912385
179,501.305,0.72024,0.38535,0.94653,0.99622,0.99955,0.995,0.81964,0.73754,0.32618,0.94149,0.0091189,0.0091189,0.0091189
180,504.084,0.7134,0.37481,0.93179,0.98713,0.98792,0.99292,0.81394,0.77751,0.35995,0.95332,0.00911395,0.00911395,0.00911395
181,506.788,0.72759,0.38813,0.94308,0.99934,0.99428,0.995,0.82151,0.76672,0.331,0.94541,0.009109,0.009109,0.009109
182,509.522,0.73807,0.38541,0.93998,0.99224,0.99761,0.9949,0.83041,0.74896,0.33609,0.9367,0.00910405,0.00910405,0.00910405
183,512.445,0.71294,0.37546,0.94182,0.98932,0.99933,0.99497,0.82312,0.74716,0.33217,0.93768,0.0090991,0.0090991,0.0090991
184,515.448,0.72354,0.37657,0.94372,0.99287,0.99365,0.99457,0.8226,0.71655,0.33722,0.92528,0.00909415,0.00909415,0.00909415
185,518.269,0.72663,0.38091,0.94383,0.98671,0.99365,0.99254,0.81177,0.74124,0.37105,0.93289,0.0090892,0.0090892,0.0090892
186,521.093,0.71498,0.3799,0.93735,0.99517,1,0.995,0.82421,0.73272,0.32961,0.93887,0.00908425,0.00908425,0.00908425
187,523.859,0.73458,0.38505,0.94316,0.99547,0.99683,0.995,0.82065,0.73053,0.32471,0.93861,0.0090793,0.0090793,0.0090793
188,526.732,0.7529,0.39679,0.95208,0.99491,0.99208,0.995,0.81095,0.74231,0.34977,0.93778,0.00907435,0.00907435,0.00907435
189,529.537,0.7198,0.37777,0.93584,0.99051,0.99113,0.99493,0.82472,0.72753,0.33885,0.92835,0.0090694,0.0090694,0.0090694
190,532.492,0.71128,0.38022,0.94626,0.99769,0.99683,0.995,0.80711,0.78466,0.36398,0.9572,0.00906445,0.00906445,0.00906445
191,535.304,0.71598,0.37365,0.94545,0.99804,0.99683,0.995,0.82377,0.74286,0.33448,0.94729,0.0090595,0.0090595,0.0090595
192,538.113,0.70845,0.3783,0.93823,0.99467,0.99513,0.995,0.83529,0.73148,0.33115,0.94261,0.00905455,0.00905455,0.00905455
193,541.008,0.72144,0.38096,0.95323,0.99661,0.99683,0.995,0.82423,0.73782,0.32949,0.95155,0.0090496,0.0090496,0.0090496
194,543.678,0.7122,0.37472,0.94961,0.99574,0.99316,0.9944,0.81376,0.74181,0.32807,0.95107,0.00904465,0.00904465,0.00904465
195,546.448,0.6928,0.36348,0.93708,0.99154,0.99669,0.99487,0.82174,0.7392,0.33238,0.9484,0.0090397,0.0090397,0.0090397
196,549.37,0.72139,0.38368,0.95562,0.99154,0.99717,0.99497,0.82231,0.72762,0.33447,0.94521,0.00903475,0.00903475,0.00903475
197,552.141,0.72564,0.37512,0.94259,0.99565,0.99793,0.995,0.82187,0.71395,0.33741,0.93157,0.0090298,0.0090298,0.0090298
198,555.305,0.71961,0.38285,0.94497,0.9876,0.99173,0.99263,0.81513,0.73415,0.35304,0.9402,0.00902485,0.00902485,0.00902485
199,558.144,0.7111,0.36814,0.9388,0.99719,0.99651,0.995,0.83167,0.7118,0.32058,0.9279,0.0090199,0.0090199,0.0090199
200,561.004,0.71938,0.3731,0.93981,0.99838,0.99407,0.995,0.83649,0.70938,0.31861,0.92489,0.00901495,0.00901495,0.00901495
201,563.844,0.70793,0.37161,0.93295,0.99845,0.99769,0.995,0.82815,0.72815,0.32209,0.93632,0.00901,0.00901,0.00901
202,566.638,0.69619,0.36096,0.93164,0.99495,0.99149,0.99486,0.82849,0.70712,0.32258,0.93021,0.00900505,0.00900505,0.00900505
203,569.439,0.71706,0.37227,0.93788,0.99075,0.99634,0.99203,0.8225,0.71129,0.32207,0.93658,0.0090001,0.0090001,0.0090001
204,572.22,0.71086,0.3694,0.94229,0.99316,0.99634,0.99232,0.82687,0.72072,0.31955,0.92882,0.00899515,0.00899515,0.00899515
205,575.279,0.7108,0.37818,0.93538,0.99755,0.99788,0.995,0.81334,0.75796,0.32699,0.93327,0.0089902,0.0089902,0.0089902
206,578.096,0.72732,0.37838,0.93796,0.99136,0.99824,0.99433,0.82682,0.7473,0.3234,0.9261,0.00898525,0.00898525,0.00898525
207,580.756,0.70935,0.374,0.94402,0.9922,0.99683,0.9949,0.82621,0.71752,0.32805,0.92047,0.0089803,0.0089803,0.0089803
208,583.478,0.70993,0.37333,0.92942,0.9884,0.99683,0.99489,0.82231,0.71504,0.33737,0.92673,0.00897535,0.00897535,0.00897535
209,586.126,0.7181,0.36788,0.94096,0.99406,0.99683,0.99456,0.8375,0.70366,0.31643,0.91724,0.0089704,0.0089704,0.0089704
210,589.089,0.71334,0.3749,0.9385,0.99439,0.99447,0.99494,0.84046,0.7069,0.32032,0.92302,0.00896545,0.00896545,0.00896545
211,591.914,0.71184,0.36896,0.93576,0.98895,0.99618,0.99475,0.83645,0.72227,0.32927,0.92806,0.0089605,0.0089605,0.0089605
212,594.787,0.70695,0.3693,0.9305,0.99317,0.99316,0.99366,0.82401,0.72261,0.32661,0.93046,0.00895555,0.00895555,0.00895555
213,597.731,0.7091,0.37249,0.9386,0.99264,0.99505,0.99159,0.82926,0.70411,0.31598,0.92324,0.0089506,0.0089506,0.0089506
214,600.528,0.72001,0.37768,0.94401,0.99347,0.99634,0.99193,0.82859,0.71039,0.32569,0.92607,0.00894565,0.00894565,0.00894565
215,603.237,0.68574,0.36398,0.92658,0.99264,0.99634,0.99301,0.81517,0.71759,0.32652,0.93252,0.0089407,0.0089407,0.0089407
216,605.981,0.7038,0.37742,0.92704,0.98867,0.99629,0.99493,0.83732,0.7294,0.32865,0.93199,0.00893575,0.00893575,0.00893575
217,608.872,0.7026,0.36897,0.93423,0.99636,1,0.995,0.81975,0.71224,0.31858,0.93695,0.0089308,0.0089308,0.0089308
218,611.669,0.69785,0.37319,0.92967,0.99787,0.99536,0.995,0.83666,0.72518,0.32155,0.93705,0.00892585,0.00892585,0.00892585
219,614.428,0.70243,0.36425,0.929,0.9923,0.99789,0.99494,0.82614,0.7061,0.31707,0.93002,0.0089209,0.0089209,0.0089209
220,617.326,0.71392,0.36876,0.93389,0.9981,0.99548,0.995,0.83248,0.70056,0.31331,0.92822,0.00891595,0.00891595,0.00891595
221,620.008,0.69011,0.36592,0.92556,0.99716,0.99365,0.99497,0.81712,0.72614,0.33289,0.93769,0.008911,0.008911,0.008911
222,622.81,0.68265,0.36116,0.93409,0.99805,0.99365,0.99497,0.82899,0.7114,0.31217,0.92803,0.00890605,0.00890605,0.00890605
223,625.484,0.69798,0.37238,0.93836,0.9977,0.99406,0.995,0.81818,0.72116,0.32615,0.93547,0.0089011,0.0089011,0.0089011
224,628.281,0.70079,0.37049,0.9373,0.99843,0.99525,0.995,0.82467,0.73276,0.31355,0.93612,0.00889615,0.00889615,0.00889615
225,630.97,0.67654,0.35513,0.92572,0.99722,0.99365,0.99491,0.83047,0.72772,0.315,0.93382,0.0088912,0.0088912,0.0088912
226,633.626,0.69276,0.36052,0.9328,0.99782,0.99365,0.99466,0.83054,0.71419,0.31839,0.93396,0.00888625,0.00888625,0.00888625
227,636.34,0.67975,0.35883,0.9394,0.99832,0.99365,0.99497,0.83211,0.72121,0.31847,0.93896,0.0088813,0.0088813,0.0088813
228,639.444,0.69798,0.36507,0.93553,0.99927,0.99284,0.99488,0.82556,0.72135,0.32018,0.93588,0.00887635,0.00887635,0.00887635
229,642.208,0.69899,0.36671,0.9422,0.99877,0.99365,0.99451,0.82113,0.73157,0.32055,0.93636,0.0088714,0.0088714,0.0088714
230,645.104,0.69859,0.36864,0.92975,0.99553,0.99365,0.99479,0.82386,0.73047,0.32125,0.93658,0.00886645,0.00886645,0.00886645
231,647.724,0.68445,0.36261,0.93464,0.9941,0.99365,0.99494,0.82046,0.74034,0.32623,0.9359,0.0088615,0.0088615,0.0088615
232,650.412,0.67917,0.36112,0.92735,0.99538,0.99365,0.99491,0.83003,0.72944,0.3246,0.9231,0.00885655,0.00885655,0.00885655
233,653.335,0.69489,0.35924,0.92923,0.99549,0.98912,0.99434,0.82234,0.74951,0.32973,0.93325,0.0088516,0.0088516,0.0088516
234,656.191,0.68603,0.35607,0.93147,0.99593,0.99287,0.99291,0.83091,0.72508,0.31714,0.93394,0.00884665,0.00884665,0.00884665
235,659.045,0.68902,0.36178,0.93205,0.99295,0.99498,0.99201,0.81875,0.72121,0.32258,0.93591,0.0088417,0.0088417,0.0088417
236,661.933,0.69863,0.36405,0.93345,0.99184,0.98999,0.99071,0.82543,0.71187,0.31936,0.93364,0.00883675,0.00883675,0.00883675
237,664.575,0.69867,0.3608,0.9387,0.99188,0.98364,0.99375,0.82327,0.71408,0.32429,0.93856,0.0088318,0.0088318,0.0088318
238,667.21,0.68985,0.35576,0.93528,0.98686,0.98854,0.99339,0.82585,0.70469,0.33108,0.92673,0.00882685,0.00882685,0.00882685
239,670.138,0.6739,0.35577,0.9216,0.9955,0.9948,0.99297,0.83115,0.7043,0.30939,0.93078,0.0088219,0.0088219,0.0088219
240,673.139,0.67591,0.35863,0.92266,0.99531,0.9939,0.99103,0.82691,0.71353,0.32433,0.93072,0.00881695,0.00881695,0.00881695
241,675.908,0.67884,0.36132,0.92993,0.99494,0.99341,0.99323,0.83167,0.7163,0.31766,0.93318,0.008812,0.008812,0.008812
242,678.787,0.6686,0.34692,0.91886,0.99439,0.99316,0.99439,0.82715,0.72458,0.3205,0.93476,0.00880705,0.00880705,0.00880705
243,681.555,0.69107,0.36225,0.94047,0.9953,0.99438,0.9932,0.83247,0.73559,0.32472,0.93666,0.0088021,0.0088021,0.0088021
244,684.379,0.69885,0.36556,0.94068,0.99521,0.99512,0.99392,0.82373,0.73336,0.32863,0.94094,0.00879715,0.00879715,0.00879715
245,687.349,0.67365,0.35566,0.93032,0.99527,0.99611,0.99496,0.81625,0.73917,0.33217,0.94173,0.0087922,0.0087922,0.0087922
246,690.233,0.69204,0.35259,0.92504,0.99551,0.99604,0.99497,0.8297,0.7252,0.31251,0.93012,0.00878725,0.00878725,0.00878725
247,693.224,0.69064,0.35813,0.9296,0.9985,0.99683,0.995,0.82444,0.7244,0.31697,0.92572,0.0087823,0.0087823,0.0087823
248,696.06,0.66957,0.35103,0.9287,0.99759,0.99331,0.995,0.84316,0.72605,0.31087,0.92593,0.00877735,0.00877735,0.00877735
249,699.065,0.687,0.36529,0.92819,0.99647,0.98851,0.99485,0.8355,0.72541,0.31566,0.92899,0.0087724,0.0087724,0.0087724
250,701.884,0.69433,0.36067,0.93066,0.99692,0.98864,0.99451,0.82001,0.74625,0.31554,0.93671,0.00876745,0.00876745,0.00876745
251,704.552,0.6807,0.35843,0.92428,0.99438,1,0.99487,0.83138,0.72174,0.30903,0.93178,0.0087625,0.0087625,0.0087625
252,707.546,0.67012,0.34962,0.91973,0.99618,0.99263,0.99496,0.83115,0.72398,0.31134,0.93439,0.00875755,0.00875755,0.00875755
253,710.3,0.68731,0.35938,0.93411,0.9909,0.99951,0.99408,0.8358,0.72544,0.31831,0.93944,0.0087526,0.0087526,0.0087526
254,713.026,0.68147,0.35576,0.9355,0.99854,1,0.995,0.82527,0.72654,0.30969,0.9365,0.00874765,0.00874765,0.00874765
255,715.962,0.6867,0.35614,0.93027,0.99622,1,0.995,0.82414,0.73536,0.31489,0.93849,0.0087427,0.0087427,0.0087427
256,718.745,0.67207,0.35519,0.92396,0.99859,0.99791,0.995,0.83182,0.72025,0.30442,0.93146,0.00873775,0.00873775,0.00873775
257,721.391,0.66361,0.34714,0.91375,0.99509,0.99634,0.99411,0.83843,0.70415,0.30305,0.92537,0.0087328,0.0087328,0.0087328
258,724.064,0.65635,0.3436,0.91566,0.99571,1,0.99491,0.83133,0.72783,0.30705,0.93349,0.00872785,0.00872785,0.00872785
259,727.045,0.67103,0.34486,0.92258,0.99493,0.99683,0.99496,0.82517,0.7279,0.32945,0.94202,0.0087229,0.0087229,0.0087229
260,729.958,0.67419,0.35169,0.93121,0.99278,0.99316,0.99425,0.82944,0.71656,0.3111,0.93069,0.00871795,0.00871795,0.00871795
261,732.722,0.67319,0.35286,0.9316,0.98876,0.98999,0.99348,0.82087,0.72558,0.31693,0.93938,0.008713,0.008713,0.008713
262,735.319,0.66503,0.34828,0.92696,0.99226,0.99325,0.99496,0.83193,0.6959,0.30948,0.93356,0.00870805,0.00870805,0.00870805
263,738.135,0.66556,0.34592,0.93549,0.99621,0.99683,0.995,0.83053,0.70171,0.30632,0.93908,0.0087031,0.0087031,0.0087031
264,740.908,0.67528,0.34992,0.93326,0.99109,0.99621,0.99493,0.82838,0.70612,0.3081,0.92985,0.00869815,0.00869815,0.00869815
265,743.722,0.6623,0.34727,0.92585,0.99545,0.9942,0.99497,0.82923,0.69857,0.30006,0.92389,0.0086932,0.0086932,0.0086932
266,746.765,0.67367,0.34939,0.91477,0.99539,0.9973,0.99497,0.832,0.69791,0.30129,0.92359,0.00868825,0.00868825,0.00868825
267,749.556,0.68217,0.35102,0.93234,0.99825,0.99683,0.995,0.83067,0.69803,0.30344,0.92191,0.0086833,0.0086833,0.0086833
268,752.331,0.68635,0.3564,0.92477,0.99022,0.99365,0.99485,0.82931,0.72364,0.32042,0.93693,0.00867835,0.00867835,0.00867835
269,755.174,0.65811,0.34391,0.91226,0.99608,0.9931,0.99468,0.8337,0.72166,0.31659,0.93612,0.0086734,0.0086734,0.0086734
270,757.909,0.68772,0.35678,0.93268,0.99821,0.99365,0.99497,0.83191,0.7133,0.31182,0.92983,0.00866845,0.00866845,0.00866845
271,760.694,0.65342,0.3427,0.9211,0.98787,0.99901,0.99487,0.82598,0.71772,0.30712,0.92833,0.0086635,0.0086635,0.0086635
272,763.453,0.66499,0.35098,0.92294,0.99136,0.99018,0.99486,0.82491,0.71953,0.32774,0.93321,0.00865855,0.00865855,0.00865855
273,766.241,0.67076,0.3503,0.925,0.99276,0.99414,0.99486,0.83025,0.70791,0.31158,0.92693,0.0086536,0.0086536,0.0086536
274,769.213,0.65973,0.35002,0.92278,0.9929,0.99392,0.99115,0.82916,0.69478,0.30826,0.91824,0.00864865,0.00864865,0.00864865
275,772.167,0.64561,0.34325,0.92052,0.99275,0.99365,0.99174,0.82222,0.70659,0.31134,0.92087,0.0086437,0.0086437,0.0086437
276,774.958,0.65828,0.34399,0.91939,0.99412,0.99436,0.99072,0.82201,0.72527,0.3114,0.93195,0.00863875,0.00863875,0.00863875
277,777.703,0.66375,0.34405,0.92195,0.99388,0.99411,0.99125,0.83005,0.71891,0.3102,0.92731,0.0086338,0.0086338,0.0086338
278,780.596,0.66221,0.35192,0.91856,0.99489,0.99358,0.99194,0.83426,0.72045,0.30675,0.92499,0.00862885,0.00862885,0.00862885
279,783.408,0.66503,0.34545,0.91743,0.99522,1,0.99478,0.82326,0.71645,0.31688,0.92243,0.0086239,0.0086239,0.0086239
280,786.139,0.67663,0.35318,0.92608,0.9957,0.99683,0.99494,0.82594,0.70611,0.30481,0.92589,0.00861895,0.00861895,0.00861895
281,789.132,0.6545,0.33898,0.91814,0.9951,0.99695,0.99314,0.83242,0.69848,0.29852,0.92889,0.008614,0.008614,0.008614
282,792.186,0.651,0.33883,0.9162,0.99198,0.99683,0.99493,0.82841,0.69113,0.30369,0.92717,0.00860905,0.00860905,0.00860905
283,794.999,0.66584,0.34938,0.91459,0.99318,0.99683,0.995,0.83412,0.69023,0.29651,0.92101,0.0086041,0.0086041,0.0086041
284,797.804,0.6481,0.33765,0.91776,0.99808,0.99405,0.995,0.83139,0.69759,0.30812,0.92862,0.00859915,0.00859915,0.00859915
285,800.711,0.66411,0.34295,0.91913,0.99805,0.99707,0.995,0.82639,0.69887,0.30457,0.93822,0.0085942,0.0085942,0.0085942
286,803.504,0.67421,0.35729,0.92556,0.99468,0.99683,0.995,0.83759,0.69393,0.30213,0.93866,0.00858925,0.00858925,0.00858925
287,806.303,0.64437,0.3404,0.90797,0.99554,0.99653,0.99493,0.83253,0.70283,0.29844,0.93691,0.0085843,0.0085843,0.0085843
288,809.209,0.65122,0.34009,0.91198,0.99523,0.99984,0.99496,0.84508,0.70032,0.29365,0.93632,0.00857935,0.00857935,0.00857935
289,812.527,0.66448,0.34555,0.92933,0.99694,0.99683,0.995,0.83836,0.71301,0.30081,0.93572,0.0085744,0.0085744,0.0085744
290,815.284,0.66391,0.34579,0.93372,0.99674,0.99764,0.995,0.8319,0.72069,0.3026,0.93316,0.00856945,0.00856945,0.00856945
291,818.068,0.65544,0.34212,0.92434,0.99737,1,0.995,0.84122,0.7044,0.30188,0.93073,0.0085645,0.0085645,0.0085645
292,820.824,0.65586,0.34612,0.91234,0.99802,1,0.995,0.84147,0.696,0.29321,0.92837,0.00855955,0.00855955,0.00855955
293,823.688,0.65235,0.33904,0.91038,0.99347,0.99872,0.99437,0.8276,0.72143,0.30425,0.93514,0.0085546,0.0085546,0.0085546
294,826.445,0.65408,0.33955,0.91981,0.99689,0.99461,0.995,0.84391,0.69057,0.29763,0.92589,0.00854965,0.00854965,0.00854965
295,829.331,0.66744,0.34489,0.92831,0.99555,0.99879,0.995,0.84495,0.69357,0.29661,0.92432,0.0085447,0.0085447,0.0085447
296,832.099,0.63901,0.33848,0.91647,0.99448,0.99952,0.995,0.83172,0.69417,0.29546,0.92925,0.00853975,0.00853975,0.00853975
297,835.218,0.64395,0.33688,0.91341,0.99468,1,0.995,0.83432,0.70278,0.29783,0.93451,0.0085348,0.0085348,0.0085348
298,837.992,0.65586,0.34102,0.92137,0.99101,0.99564,0.99357,0.83014,0.69646,0.29972,0.92951,0.00852985,0.00852985,0.00852985
299,840.801,0.63624,0.33775,0.91351,0.99382,1,0.99481,0.82056,0.70472,0.29787,0.93741,0.0085249,0.0085249,0.0085249
300,843.606,0.64952,0.33468,0.92639,0.99157,1,0.995,0.82132,0.69891,0.29526,0.93426,0.00851995,0.00851995,0.00851995
301,846.518,0.64302,0.33485,0.9089,0.99262,0.99733,0.99481,0.83316,0.70208,0.29526,0.93125,0.008515,0.008515,0.008515
302,849.343,0.64673,0.33666,0.91709,0.99524,0.99683,0.995,0.81807,0.7128,0.29819,0.93328,0.00851005,0.00851005,0.00851005
303,852.163,0.65124,0.34042,0.9363,0.99703,0.99683,0.995,0.83091,0.70075,0.29911,0.9324,0.0085051,0.0085051,0.0085051
304,855.208,0.64195,0.33825,0.91914,0.99182,0.99413,0.99348,0.83076,0.7104,0.31166,0.93418,0.00850015,0.00850015,0.00850015
305,858.091,0.66251,0.33983,0.92492,0.99604,0.99713,0.99491,0.83198,0.69958,0.30002,0.92798,0.0084952,0.0084952,0.0084952
306,860.784,0.64924,0.33575,0.92426,0.99258,0.99749,0.995,0.83449,0.69405,0.30301,0.92316,0.00849025,0.00849025,0.00849025
307,863.63,0.64664,0.34351,0.91854,0.99207,0.99931,0.99332,0.82727,0.711,0.3076,0.93413,0.0084853,0.0084853,0.0084853
308,866.389,0.64405,0.33717,0.91825,0.99076,0.99476,0.99233,0.8284,0.70623,0.30509,0.92733,0.00848035,0.00848035,0.00848035
309,869.323,0.64143,0.32644,0.91656,0.98775,0.99924,0.99186,0.84081,0.68667,0.29483,0.91821,0.0084754,0.0084754,0.0084754
310,872.173,0.63045,0.33237,0.91425,0.99173,0.98999,0.99188,0.83179,0.69016,0.29998,0.92143,0.00847045,0.00847045,0.00847045
311,875.269,0.6282,0.32842,0.91098,0.99136,0.99348,0.9949,0.8411,0.68828,0.29578,0.92385,0.0084655,0.0084655,0.0084655
312,878.055,0.6592,0.33568,0.93694,0.99159,0.99763,0.99493,0.83693,0.70613,0.29948,0.92687,0.00846055,0.00846055,0.00846055
313,880.846,0.63839,0.33552,0.91731,0.99881,0.9944,0.995,0.83506,0.70837,0.3047,0.93272,0.0084556,0.0084556,0.0084556
314,883.621,0.65369,0.33678,0.91825,0.99163,0.99749,0.99493,0.82419,0.7063,0.30774,0.93362,0.00845065,0.00845065,0.00845065
315,886.446,0.65453,0.33854,0.92128,0.99938,0.99933,0.995,0.82898,0.69551,0.29677,0.92405,0.0084457,0.0084457,0.0084457
316,889.225,0.64879,0.33199,0.91988,0.99793,0.99908,0.995,0.83029,0.68204,0.29613,0.91418,0.00844075,0.00844075,0.00844075
317,892.059,0.64653,0.33295,0.90863,0.99689,0.99683,0.995,0.84401,0.69325,0.29976,0.9156,0.0084358,0.0084358,0.0084358
318,894.843,0.63411,0.33614,0.91542,0.99783,0.99683,0.995,0.84187,0.68953,0.29843,0.91764,0.00843085,0.00843085,0.00843085
319,897.646,0.6206,0.32919,0.90754,0.99802,0.99683,0.995,0.84485,0.67868,0.29293,0.92015,0.0084259,0.0084259,0.0084259
320,900.629,0.64511,0.33764,0.91852,0.99828,0.99683,0.995,0.84466,0.67997,0.29517,0.9228,0.00842095,0.00842095,0.00842095
321,903.499,0.64968,0.34057,0.91414,0.99855,0.99737,0.995,0.83519,0.69351,0.29868,0.92899,0.008416,0.008416,0.008416
322,906.324,0.62834,0.32833,0.90415,0.99612,0.99831,0.995,0.84064,0.69845,0.29386,0.92985,0.00841105,0.00841105,0.00841105
323,909.128,0.64191,0.33366,0.9206,0.99549,0.99683,0.99496,0.82849,0.69734,0.30135,0.92661,0.0084061,0.0084061,0.0084061
324,911.952,0.62778,0.33156,0.90291,0.99578,0.99683,0.995,0.82774,0.70366,0.29813,0.92924,0.00840115,0.00840115,0.00840115
325,914.791,0.62412,0.32922,0.91041,0.99527,0.99365,0.99487,0.83565,0.70332,0.28742,0.92752,0.0083962,0.0083962,0.0083962
326,917.588,0.65798,0.3433,0.9225,0.99162,0.99469,0.99482,0.85164,0.68285,0.29227,0.92172,0.00839125,0.00839125,0.00839125
327,920.763,0.64103,0.33605,0.91018,0.99486,0.99365,0.99497,0.84661,0.693,0.2925,0.92982,0.0083863,0.0083863,0.0083863
328,923.611,0.63516,0.33802,0.91232,0.99536,0.99462,0.995,0.83236,0.7091,0.29633,0.93505,0.00838135,0.00838135,0.00838135
329,926.498,0.64478,0.33946,0.9218,0.99542,0.99436,0.995,0.83351,0.69191,0.29283,0.93558,0.0083764,0.0083764,0.0083764
330,929.318,0.6295,0.33452,0.92076,0.99551,0.99365,0.99485,0.84141,0.68075,0.29147,0.93008,0.00837145,0.00837145,0.00837145
331,932.152,0.61533,0.32604,0.91317,0.996,0.99365,0.99494,0.83319,0.68456,0.29066,0.92812,0.0083665,0.0083665,0.0083665
332,935.006,0.63497,0.3326,0.91472,0.99686,0.99249,0.995,0.83819,0.69075,0.29073,0.92601,0.00836155,0.00836155,0.00836155
333,937.829,0.63797,0.33311,0.91366,0.99331,0.99316,0.99493,0.83521,0.69566,0.29291,0.92134,0.0083566,0.0083566,0.0083566
334,940.571,0.64329,0.33456,0.91124,0.99405,0.99634,0.99449,0.84574,0.69487,0.28839,0.92273,0.00835165,0.00835165,0.00835165
335,943.608,0.64968,0.3411,0.91594,0.99522,0.99634,0.99414,0.84367,0.68193,0.29129,0.92026,0.0083467,0.0083467,0.0083467
336,946.545,0.6312,0.33001,0.91227,0.99727,0.99634,0.99496,0.83929,0.68866,0.29227,0.92451,0.00834175,0.00834175,0.00834175
337,949.321,0.62666,0.32746,0.906,0.99866,0.99748,0.995,0.8353,0.68721,0.28743,0.92316,0.0083368,0.0083368,0.0083368
338,952.107,0.6271,0.32977,0.91511,0.99765,0.99683,0.995,0.83525,0.68483,0.28481,0.92321,0.00833185,0.00833185,0.00833185
339,954.958,0.62845,0.32236,0.91471,0.99723,0.99683,0.995,0.83464,0.68962,0.2891,0.93087,0.0083269,0.0083269,0.0083269
340,957.883,0.64316,0.3365,0.92642,0.99742,0.9962,0.995,0.82851,0.69418,0.29685,0.93926,0.00832195,0.00832195,0.00832195
341,960.617,0.63697,0.32958,0.92317,0.98809,0.99625,0.995,0.83244,0.69465,0.29618,0.93351,0.008317,0.008317,0.008317
342,963.342,0.62951,0.33267,0.91166,0.99894,0.99499,0.995,0.84445,0.68909,0.29293,0.92668,0.00831205,0.00831205,0.00831205
343,966.038,0.6328,0.3261,0.91819,0.99901,0.99752,0.995,0.8382,0.68856,0.28992,0.92646,0.0083071,0.0083071,0.0083071
344,968.915,0.62398,0.32807,0.90666,0.99778,0.99319,0.99497,0.84249,0.68898,0.29269,0.92193,0.00830215,0.00830215,0.00830215
345,971.735,0.63818,0.32711,0.91754,0.99375,0.99591,0.99496,0.83506,0.69299,0.2946,0.91996,0.0082972,0.0082972,0.0082972
346,974.507,0.63836,0.3297,0.91575,0.99885,0.99078,0.99494,0.83633,0.6985,0.29468,0.92826,0.00829225,0.00829225,0.00829225
347,977.185,0.62927,0.32823,0.90796,0.99729,0.99683,0.995,0.83825,0.69413,0.29151,0.9325,0.0082873,0.0082873,0.0082873
348,979.921,0.62357,0.32181,0.91267,0.999,0.99874,0.995,0.83264,0.69848,0.2921,0.93481,0.00828235,0.00828235,0.00828235
349,982.639,0.63846,0.32948,0.91961,0.99834,0.99972,0.995,0.82998,0.70046,0.28791,0.93834,0.0082774,0.0082774,0.0082774
350,985.296,0.6454,0.33103,0.92217,0.99865,0.99957,0.995,0.83442,0.6973,0.28438,0.93162,0.00827245,0.00827245,0.00827245
351,987.847,0.63213,0.33044,0.92453,0.99862,0.99758,0.995,0.83828,0.69237,0.2774,0.92606,0.0082675,0.0082675,0.0082675
352,990.604,0.62589,0.32817,0.89779,0.99901,0.99707,0.995,0.83024,0.69278,0.29018,0.92126,0.00826255,0.00826255,0.00826255
353,993.367,0.62786,0.32498,0.91431,0.99871,0.99683,0.995,0.83209,0.67593,0.28468,0.91948,0.0082576,0.0082576,0.0082576
354,996.279,0.62428,0.32798,0.91033,0.9981,0.99583,0.995,0.83618,0.67271,0.28794,0.92182,0.00825265,0.00825265,0.00825265
355,999.065,0.64251,0.32706,0.9154,0.99691,0.99711,0.995,0.83956,0.67494,0.28275,0.92325,0.0082477,0.0082477,0.0082477
356,1001.77,0.62419,0.32474,0.90942,0.99506,0.99651,0.995,0.84686,0.66629,0.28769,0.91687,0.00824275,0.00824275,0.00824275
357,1004.52,0.6171,0.32094,0.90251,0.99477,0.99853,0.995,0.84465,0.66907,0.28205,0.91974,0.0082378,0.0082378,0.0082378
358,1007.22,0.63543,0.33905,0.91867,0.99675,0.99683,0.995,0.84115,0.68609,0.28088,0.92417,0.00823285,0.00823285,0.00823285
359,1009.96,0.60837,0.32048,0.8989,0.99663,0.99685,0.995,0.83041,0.68712,0.28546,0.93011,0.0082279,0.0082279,0.0082279
360,1012.69,0.61628,0.3305,0.90938,0.99488,0.99701,0.99497,0.82589,0.68607,0.28774,0.93056,0.00822295,0.00822295,0.00822295
361,1015.4,0.62444,0.3225,0.91477,0.9916,0.99866,0.9949,0.8279,0.68198,0.28713,0.92616,0.008218,0.008218,0.008218
362,1018.13,0.60562,0.31721,0.90667,0.99583,0.99683,0.995,0.84183,0.69176,0.29149,0.922,0.00821305,0.00821305,0.00821305
363,1021.11,0.61075,0.31795,0.90427,0.99537,0.99786,0.995,0.84158,0.67689,0.28246,0.91698,0.0082081,0.0082081,0.0082081
364,1023.85,0.60687,0.31146,0.89874,0.99331,1,0.995,0.84031,0.66055,0.28043,0.91235,0.00820315,0.00820315,0.00820315
365,1026.65,0.61141,0.31952,0.90433,0.99093,0.99931,0.99496,0.84322,0.66525,0.28671,0.91272,0.0081982,0.0081982,0.0081982
366,1029.44,0.62447,0.32571,0.91785,0.99447,1,0.99496,0.84034,0.66598,0.28368,0.91705,0.00819325,0.00819325,0.00819325
367,1032.39,0.60558,0.31834,0.8957,0.9961,0.99735,0.995,0.84406,0.65454,0.28136,0.91503,0.0081883,0.0081883,0.0081883
368,1035.04,0.61727,0.32588,0.91014,0.99686,0.99941,0.995,0.83506,0.66975,0.28371,0.91938,0.00818335,0.00818335,0.00818335
369,1037.72,0.6172,0.3221,0.90443,0.99731,0.9973,0.995,0.84565,0.68221,0.29071,0.92396,0.0081784,0.0081784,0.0081784
370,1040.61,0.62287,0.31925,0.90829,0.99432,0.99683,0.99496,0.84108,0.67864,0.28677,0.92637,0.00817345,0.00817345,0.00817345
371,1043.44,0.6242,0.33014,0.9086,0.99073,0.99601,0.99445,0.84154,0.67417,0.28734,0.92466,0.0081685,0.0081685,0.0081685
372,1046.23,0.60448,0.32305,0.90543,0.99196,0.99422,0.99254,0.83808,0.66749,0.29018,0.92035,0.00816355,0.00816355,0.00816355
373,1049.17,0.61063,0.31824,0.90668,0.98979,0.99544,0.99277,0.842,0.66548,0.28853,0.92454,0.0081586,0.0081586,0.0081586
374,1051.77,0.60445,0.32858,0.90904,0.98869,0.99634,0.99489,0.82894,0.67147,0.28252,0.92762,0.00815365,0.00815365,0.00815365
375,1054.7,0.61887,0.31419,0.91012,0.99189,0.99646,0.995,0.82957,0.67834,0.2875,0.92711,0.0081487,0.0081487,0.0081487
376,1057.28,0.60277,0.31387,0.90374,0.99218,0.99404,0.99482,0.82839,0.68069,0.28474,0.92744,0.00814375,0.00814375,0.00814375
377,1059.96,0.6,0.31294,0.90389,0.99517,0.99479,0.99449,0.83649,0.67508,0.28853,0.93171,0.0081388,0.0081388,0.0081388
378,1062.86,0.5994,0.31126,0.9006,0.99492,0.99742,0.99467,0.83945,0.6844,0.28506,0.93337,0.00813385,0.00813385,0.00813385
379,1065.55,0.6235,0.32225,0.91008,0.99554,0.99683,0.99486,0.84093,0.68199,0.28336,0.927,0.0081289,0.0081289,0.0081289
380,1068.18,0.62163,0.31789,0.90893,0.99606,0.99698,0.995,0.84355,0.66792,0.27914,0.92022,0.00812395,0.00812395,0.00812395
381,1071,0.60537,0.32736,0.91111,0.99751,0.99728,0.995,0.84248,0.6592,0.27451,0.91674,0.008119,0.008119,0.008119
382,1073.8,0.61629,0.32714,0.90147,0.998,0.99721,0.995,0.84418,0.65989,0.27501,0.91616,0.00811405,0.00811405,0.00811405
383,1076.49,0.62555,0.32419,0.8973,0.99739,0.99646,0.995,0.83379,0.67955,0.28758,0.92256,0.0081091,0.0081091,0.0081091
384,1079.21,0.62217,0.32126,0.91165,0.99552,0.99683,0.995,0.83991,0.67881,0.28114,0.9221,0.00810415,0.00810415,0.00810415
385,1082.06,0.62067,0.32329,0.90982,0.99515,0.99683,0.995,0.84498,0.66107,0.27832,0.91967,0.0080992,0.0080992,0.0080992
386,1084.88,0.60969,0.31245,0.90064,0.9954,0.99683,0.99493,0.84544,0.66033,0.2784,0.91992,0.00809425,0.00809425,0.00809425
387,1087.62,0.6193,0.32309,0.90943,0.99451,0.99683,0.995,0.84731,0.66271,0.28103,0.91971,0.0080893,0.0080893,0.0080893
388,1090.36,0.62217,0.31676,0.90667,0.99517,0.99683,0.995,0.84088,0.66342,0.27769,0.9194,0.00808435,0.00808435,0.00808435
389,1093.16,0.6029,0.30831,0.90329,0.99609,1,0.995,0.83619,0.67485,0.27904,0.92917,0.0080794,0.0080794,0.0080794
390,1095.86,0.61748,0.31952,0.9119,0.99571,1,0.995,0.84243,0.66572,0.27825,0.91895,0.00807445,0.00807445,0.00807445
391,1098.47,0.5946,0.31191,0.90396,0.99548,1,0.995,0.84287,0.67294,0.28051,0.91733,0.0080695,0.0080695,0.0080695
392,1101.05,0.59572,0.3212,0.90434,0.99546,0.99726,0.995,0.83945,0.67891,0.28109,0.92368,0.00806455,0.00806455,0.00806455
393,1103.73,0.60094,0.31735,0.89725,0.99535,1,0.995,0.8452,0.67469,0.27838,0.92188,0.0080596,0.0080596,0.0080596
394,1106.65,0.58363,0.30723,0.89734,0.99582,1,0.995,0.8395,0.66845,0.27996,0.91907,0.00805465,0.00805465,0.00805465
395,1109.29,0.59608,0.30868,0.90109,0.99495,0.99683,0.995,0.84538,0.65804,0.28056,0.91749,0.0080497,0.0080497,0.0080497
396,1112,0.61546,0.31261,0.91021,0.99557,0.9972,0.995,0.83976,0.66964,0.28111,0.92107,0.00804475,0.00804475,0.00804475
397,1114.73,0.60566,0.31378,0.91013,0.99524,0.99787,0.99486,0.84298,0.6622,0.28522,0.91996,0.0080398,0.0080398,0.0080398
398,1117.32,0.62307,0.3197,0.91576,0.99532,0.99625,0.99478,0.84641,0.66325,0.28573,0.92158,0.00803485,0.00803485,0.00803485
399,1120.13,0.62104,0.32168,0.91019,0.99201,0.99423,0.99475,0.84525,0.66242,0.28184,0.92111,0.0080299,0.0080299,0.0080299
400,1122.91,0.60137,0.31848,0.8933,0.99592,0.99409,0.995,0.85072,0.66135,0.28091,0.91617,0.00802495,0.00802495,0.00802495
401,1125.63,0.61168,0.32418,0.90415,0.99599,0.99441,0.995,0.85021,0.65878,0.2748,0.91771,0.00802,0.00802,0.00802
402,1128.46,0.60255,0.31583,0.90219,0.99702,0.99444,0.995,0.85156,0.65931,0.27338,0.91632,0.00801505,0.00801505,0.00801505
403,1131.18,0.59634,0.31357,0.90117,0.99638,0.99575,0.995,0.84627,0.6729,0.28259,0.91846,0.0080101,0.0080101,0.0080101
404,1133.86,0.60836,0.31488,0.89265,0.9977,0.99722,0.995,0.84463,0.67859,0.28057,0.91927,0.00800515,0.00800515,0.00800515
405,1136.61,0.61444,0.32074,0.90589,0.99676,0.99723,0.995,0.84243,0.67726,0.27959,0.92128,0.0080002,0.0080002,0.0080002
406,1139.35,0.60732,0.3186,0.91101,0.9969,0.99683,0.995,0.84113,0.6773,0.27721,0.9195,0.00799525,0.00799525,0.00799525
407,1142.05,0.61318,0.31895,0.90241,0.99228,0.99316,0.99235,0.83693,0.68023,0.28954,0.91854,0.0079903,0.0079903,0.0079903
408,1144.66,0.59233,0.31114,0.90442,0.99354,0.99683,0.99493,0.83613,0.66912,0.28201,0.91749,0.00798535,0.00798535,0.00798535
409,1147.53,0.59716,0.31032,0.89917,0.99164,0.99683,0.995,0.84244,0.65744,0.27719,0.91225,0.0079804,0.0079804,0.0079804
410,1150.35,0.59209,0.312,0.901,0.99553,0.99593,0.995,0.84361,0.6546,0.28449,0.90494,0.00797545,0.00797545,0.00797545
411,1153.06,0.59598,0.313,0.89803,0.99511,0.99316,0.99496,0.84853,0.65564,0.27911,0.90217,0.0079705,0.0079705,0.0079705
412,1155.78,0.58748,0.30837,0.89158,0.99467,0.99316,0.99458,0.83653,0.67086,0.28305,0.90785,0.00796555,0.00796555,0.00796555
413,1158.38,0.58569,0.31054,0.90243,0.995,0.99365,0.99497,0.85197,0.67038,0.27657,0.90901,0.0079606,0.0079606,0.0079606
414,1161.07,0.59933,0.31331,0.89746,0.99526,0.98999,0.99421,0.83707,0.68053,0.28609,0.9156,0.00795565,0.00795565,0.00795565
415,1163.8,0.60209,0.31146,0.89648,0.99,0.99615,0.99493,0.85314,0.66401,0.28539,0.91196,0.0079507,0.0079507,0.0079507
416,1166.63,0.59443,0.30929,0.8999,0.98737,0.99634,0.9949,0.85071,0.65493,0.27785,0.91319,0.00794575,0.00794575,0.00794575
417,1169.55,0.58159,0.30652,0.89114,0.99574,0.99623,0.995,0.84229,0.66104,0.27677,0.91918,0.0079408,0.0079408,0.0079408
418,1172.22,0.61378,0.31895,0.90381,0.9955,0.99478,0.995,0.83754,0.66126,0.28675,0.92507,0.00793585,0.00793585,0.00793585
419,1174.85,0.57958,0.31071,0.89714,0.99065,0.9942,0.99477,0.83982,0.66192,0.28596,0.92119,0.0079309,0.0079309,0.0079309
420,1177.45,0.59963,0.31696,0.90677,0.99783,0.9941,0.995,0.83979,0.6698,0.28335,0.92767,0.00792595,0.00792595,0.00792595
421,1180.11,0.5885,0.31171,0.89481,0.99885,0.99482,0.995,0.83851,0.6636,0.2793,0.92356,0.007921,0.007921,0.007921
422,1182.68,0.60118,0.31439,0.90422,0.99894,0.99432,0.995,0.84509,0.66579,0.27685,0.91878,0.00791605,0.00791605,0.00791605
423,1185.36,0.60186,0.31565,0.91119,0.99916,0.9945,0.995,0.84017,0.6716,0.27878,0.91594,0.0079111,0.0079111,0.0079111
424,1187.99,0.58626,0.3116,0.90094,0.99902,0.99431,0.995,0.84769,0.66783,0.27815,0.91322,0.00790615,0.00790615,0.00790615
425,1190.7,0.58981,0.30797,0.89651,0.99836,0.99419,0.995,0.84386,0.66561,0.27993,0.91863,0.0079012,0.0079012,0.0079012
426,1193.64,0.59849,0.31078,0.90227,0.99813,0.99365,0.99497,0.8414,0.67292,0.27869,0.92059,0.00789625,0.00789625,0.00789625
427,1196.21,0.58918,0.30829,0.89966,0.99818,0.99365,0.99497,0.84248,0.67309,0.28159,0.92243,0.0078913,0.0078913,0.0078913
428,1198.84,0.59774,0.31251,0.89923,0.9986,0.99365,0.99497,0.84976,0.65679,0.27795,0.9182,0.00788635,0.00788635,0.00788635
429,1201.53,0.59933,0.316,0.8992,0.99634,0.99367,0.99497,0.83998,0.66551,0.28039,0.91924,0.0078814,0.0078814,0.0078814
430,1204.37,0.59038,0.30809,0.89348,0.99774,0.99365,0.99497,0.84486,0.66481,0.28219,0.92103,0.00787645,0.00787645,0.00787645
431,1207.12,0.59127,0.31149,0.89536,0.99805,0.99434,0.995,0.83651,0.67776,0.27674,0.92772,0.0078715,0.0078715,0.0078715
432,1209.88,0.59311,0.30874,0.89042,0.99597,0.99513,0.99497,0.83815,0.66203,0.28053,0.92319,0.00786655,0.00786655,0.00786655
433,1212.66,0.58954,0.30395,0.89496,0.99582,0.99754,0.99494,0.84146,0.66722,0.27728,0.92322,0.0078616,0.0078616,0.0078616
434,1215.38,0.59408,0.30948,0.90209,0.99611,0.99966,0.99318,0.84101,0.67161,0.27329,0.91852,0.00785665,0.00785665,0.00785665
435,1218.32,0.58726,0.30982,0.89217,0.99539,0.99634,0.99323,0.84052,0.66102,0.27445,0.91343,0.0078517,0.0078517,0.0078517
436,1221.05,0.5858,0.30324,0.89333,0.99297,0.99636,0.9949,0.84832,0.6563,0.2791,0.91693,0.00784675,0.00784675,0.00784675
437,1223.81,0.58066,0.3011,0.89587,0.99608,0.99728,0.995,0.84845,0.65682,0.27175,0.92282,0.0078418,0.0078418,0.0078418
438,1226.26,0.57771,0.30654,0.89473,0.99604,0.99683,0.995,0.8438,0.66733,0.28186,0.92864,0.00783685,0.00783685,0.00783685
439,1229.1,0.59488,0.30763,0.90501,0.99579,0.99683,0.995,0.8418,0.66399,0.27833,0.92297,0.0078319,0.0078319,0.0078319
440,1231.86,0.571,0.30151,0.89011,0.99444,0.99683,0.99497,0.84407,0.65873,0.2775,0.91852,0.00782695,0.00782695,0.00782695
441,1234.64,0.57891,0.30224,0.89676,0.99462,0.99683,0.99386,0.8433,0.66919,0.28051,0.9245,0.007822,0.007822,0.007822
442,1237.25,0.58958,0.30816,0.89869,0.99534,0.99683,0.995,0.83871,0.67753,0.28347,0.92684,0.00781705,0.00781705,0.00781705
443,1240.15,0.59585,0.30866,0.90747,0.99596,0.99726,0.995,0.83769,0.66184,0.27763,0.92372,0.0078121,0.0078121,0.0078121
444,1242.91,0.59139,0.30748,0.90506,0.99594,0.99748,0.995,0.84073,0.65193,0.27122,0.9195,0.00780715,0.00780715,0.00780715
445,1245.88,0.60659,0.30619,0.91287,0.99184,0.99771,0.9943,0.83889,0.64372,0.27454,0.91604,0.0078022,0.0078022,0.0078022
446,1248.59,0.58202,0.30494,0.90518,0.9981,0.99773,0.995,0.84076,0.6572,0.26992,0.92349,0.00779725,0.00779725,0.00779725
447,1251.37,0.58338,0.30165,0.90034,0.99619,0.99521,0.995,0.84462,0.6593,0.26813,0.92606,0.0077923,0.0077923,0.0077923
448,1254.08,0.58007,0.29993,0.90176,0.99609,0.99436,0.995,0.84533,0.64969,0.26718,0.92084,0.00778735,0.00778735,0.00778735
449,1256.72,0.5706,0.29803,0.90002,0.99923,0.99477,0.995,0.85114,0.6596,0.26923,0.92388,0.0077824,0.0077824,0.0077824
450,1259.51,0.57403,0.30113,0.89447,0.99884,0.9974,0.995,0.85126,0.65377,0.26492,0.92545,0.00777745,0.00777745,0.00777745
451,1262.25,0.57387,0.30407,0.89741,0.99897,0.99549,0.995,0.84722,0.65515,0.27122,0.92488,0.0077725,0.0077725,0.0077725
452,1265,0.57642,0.30401,0.89313,0.99438,0.99841,0.99489,0.85242,0.65029,0.26934,0.91858,0.00776755,0.00776755,0.00776755
453,1267.7,0.57383,0.3023,0.89732,0.99462,0.99388,0.99449,0.85563,0.65383,0.27154,0.91397,0.0077626,0.0077626,0.0077626
454,1270.49,0.56865,0.30227,0.89697,0.99242,0.99634,0.99425,0.85634,0.64936,0.27274,0.91042,0.00775765,0.00775765,0.00775765
455,1273.41,0.59473,0.30348,0.89727,0.98803,0.99821,0.99482,0.85449,0.64941,0.27156,0.91065,0.0077527,0.0077527,0.0077527
456,1276.19,0.5863,0.30714,0.89879,0.99108,0.9984,0.99423,0.85528,0.64253,0.26751,0.90604,0.00774775,0.00774775,0.00774775
457,1279.14,0.5889,0.30388,0.89878,0.99537,0.99118,0.99247,0.84926,0.64156,0.26599,0.90777,0.0077428,0.0077428,0.0077428
458,1281.81,0.5921,0.31135,0.90811,0.99771,0.98999,0.99431,0.8461,0.66613,0.27567,0.91544,0.00773785,0.00773785,0.00773785
459,1284.4,0.56598,0.29574,0.89138,0.99853,0.98999,0.99418,0.84162,0.66137,0.27536,0.9126,0.0077329,0.0077329,0.0077329
460,1287.09,0.57696,0.30753,0.88891,0.99531,0.98999,0.99419,0.85182,0.64828,0.27477,0.90914,0.00772795,0.00772795,0.00772795
461,1289.78,0.58128,0.30564,0.89612,0.99584,0.9882,0.99473,0.84199,0.64894,0.27595,0.91075,0.007723,0.007723,0.007723
462,1292.53,0.57585,0.30145,0.88923,0.99728,0.98681,0.99486,0.84967,0.6404,0.27128,0.90464,0.00771805,0.00771805,0.00771805
463,1295.37,0.59264,0.30728,0.90547,0.99054,0.99608,0.99481,0.8531,0.65087,0.27303,0.91215,0.0077131,0.0077131,0.0077131
464,1298.16,0.5851,0.30451,0.90346,0.99598,0.99365,0.99494,0.85274,0.65612,0.27397,0.91153,0.00770815,0.00770815,0.00770815
465,1301.07,0.57099,0.30294,0.88841,0.99553,0.99365,0.99494,0.8503,0.6533,0.27805,0.90944,0.0077032,0.0077032,0.0077032
466,1303.88,0.59266,0.30434,0.89643,0.99568,0.99327,0.99494,0.85218,0.64771,0.27607,0.90513,0.00769825,0.00769825,0.00769825
467,1306.76,0.57973,0.29975,0.89497,0.99516,0.99365,0.99486,0.85394,0.64733,0.27412,0.90483,0.0076933,0.0076933,0.0076933
468,1309.71,0.60229,0.31091,0.89719,0.9925,0.99422,0.99461,0.85212,0.65686,0.2742,0.90874,0.00768835,0.00768835,0.00768835
469,1312.47,0.57997,0.30755,0.90204,0.99492,0.99365,0.99471,0.84072,0.66609,0.276,0.91357,0.0076834,0.0076834,0.0076834
470,1315.29,0.57885,0.30037,0.89587,0.98727,1,0.9922,0.84253,0.64367,0.26931,0.90898,0.00767845,0.00767845,0.00767845
471,1318.14,0.56556,0.29439,0.88949,0.99579,0.99419,0.99496,0.8486,0.63332,0.26545,0.90978,0.0076735,0.0076735,0.0076735
472,1320.99,0.57092,0.30125,0.89739,0.99633,0.99365,0.99497,0.8472,0.63469,0.26837,0.908,0.00766855,0.00766855,0.00766855
473,1323.85,0.56947,0.29718,0.88371,0.99591,0.99418,0.99493,0.85276,0.6384,0.267,0.90625,0.0076636,0.0076636,0.0076636
474,1326.66,0.5721,0.30218,0.89145,0.9961,0.99405,0.995,0.8555,0.64278,0.26755,0.90522,0.00765865,0.00765865,0.00765865
475,1329.63,0.57695,0.30775,0.89433,0.99795,0.99425,0.995,0.84825,0.65017,0.27073,0.90704,0.0076537,0.0076537,0.0076537
476,1332.43,0.57498,0.29836,0.88539,0.99851,0.99365,0.99497,0.84946,0.6486,0.26867,0.90473,0.00764875,0.00764875,0.00764875
477,1335.23,0.57243,0.29935,0.89428,0.99866,0.99365,0.99318,0.83792,0.65555,0.272,0.90499,0.0076438,0.0076438,0.0076438
478,1338.13,0.55802,0.29541,0.8914,0.99762,0.99404,0.995,0.84372,0.65191,0.26871,0.9027,0.00763885,0.00763885,0.00763885
479,1340.93,0.58124,0.30646,0.88997,0.99489,0.99365,0.99475,0.83696,0.65598,0.26816,0.90957,0.0076339,0.0076339,0.0076339
480,1343.7,0.57512,0.30833,0.89608,0.9924,0.99435,0.99476,0.84558,0.65424,0.27045,0.91672,0.00762895,0.00762895,0.00762895
481,1346.34,0.5662,0.3033,0.89201,0.99572,0.99425,0.99493,0.84333,0.65979,0.27156,0.9167,0.007624,0.007624,0.007624
482,1349.14,0.57296,0.29978,0.89935,0.99169,0.99365,0.99473,0.84542,0.65324,0.27544,0.91798,0.00761905,0.00761905,0.00761905
483,1351.98,0.57334,0.30072,0.89469,0.99225,0.99418,0.995,0.84919,0.65463,0.27289,0.91909,0.0076141,0.0076141,0.0076141
484,1354.89,0.55805,0.29232,0.89234,0.99355,0.99365,0.99497,0.85709,0.65069,0.27009,0.91483,0.00760915,0.00760915,0.00760915
485,1357.68,0.57582,0.30404,0.89231,0.9919,0.99127,0.99476,0.85344,0.65367,0.27391,0.91527,0.0076042,0.0076042,0.0076042
486,1360.5,0.55664,0.29469,0.88881,0.99452,0.98999,0.99479,0.85714,0.64626,0.27074,0.91132,0.00759925,0.00759925,0.00759925
487,1363.34,0.56857,0.3026,0.88769,0.99296,0.98999,0.99426,0.85458,0.65192,0.28075,0.91356,0.0075943,0.0075943,0.0075943
488,1366.04,0.5627,0.29412,0.89399,0.99264,0.9913,0.99407,0.84549,0.65032,0.2818,0.91785,0.00758935,0.00758935,0.00758935
489,1368.86,0.54887,0.29041,0.88812,0.99545,0.99275,0.99301,0.84182,0.66481,0.28091,0.92337,0.0075844,0.0075844,0.0075844
490,1371.64,0.56406,0.30308,0.89062,0.99525,0.99165,0.99465,0.84793,0.65012,0.27003,0.91537,0.00757945,0.00757945,0.00757945
491,1374.46,0.57701,0.30089,0.88744,0.99549,0.99442,0.99493,0.85028,0.63727,0.26541,0.91412,0.0075745,0.0075745,0.0075745
492,1377.57,0.56336,0.30049,0.8858,0.9952,0.99365,0.99486,0.84941,0.64234,0.26338,0.91427,0.00756955,0.00756955,0.00756955
493,1380.49,0.56624,0.29368,0.88562,0.99592,0.9941,0.99493,0.85052,0.64122,0.26309,0.91266,0.0075646,0.0075646,0.0075646
494,1383.45,0.53733,0.28859,0.87691,0.99564,0.99683,0.99457,0.84829,0.65387,0.26288,0.91661,0.00755965,0.00755965,0.00755965
495,1386.19,0.54508,0.28366,0.88537,0.99062,0.99638,0.99442,0.84401,0.64553,0.25882,0.91436,0.0075547,0.0075547,0.0075547
496,1389.01,0.56272,0.2985,0.88711,0.99104,0.99632,0.99458,0.84647,0.6424,0.26463,0.91063,0.00754975,0.00754975,0.00754975
497,1391.7,0.5791,0.30183,0.88635,0.99159,0.99683,0.99351,0.84756,0.64506,0.26733,0.9093,0.0075448,0.0075448,0.0075448
498,1394.67,0.58095,0.30705,0.88751,0.99226,0.99355,0.99301,0.85197,0.6514,0.2707,0.91387,0.00753985,0.00753985,0.00753985
499,1397.47,0.58388,0.30456,0.90331,0.99433,0.99683,0.99478,0.8503,0.65171,0.26622,0.91355,0.0075349,0.0075349,0.0075349
500,1400.33,0.56823,0.2972,0.89768,0.99471,0.99683,0.99486,0.84677,0.64694,0.2614,0.91349,0.00752995,0.00752995,0.00752995
501,1403.17,0.55713,0.29391,0.88927,0.99327,0.99683,0.99482,0.85387,0.64224,0.26144,0.91471,0.007525,0.007525,0.007525
502,1405.98,0.57569,0.29809,0.89347,0.99171,0.9982,0.99482,0.85588,0.63722,0.26387,0.91368,0.00752005,0.00752005,0.00752005
503,1408.81,0.56692,0.29637,0.90155,0.99237,0.99439,0.99482,0.85291,0.64298,0.26438,0.91496,0.0075151,0.0075151,0.0075151
504,1411.69,0.57346,0.29918,0.88867,0.99222,0.99036,0.99479,0.85176,0.64208,0.27116,0.91753,0.00751015,0.00751015,0.00751015
505,1414.5,0.55925,0.28929,0.88533,0.99228,0.99039,0.99356,0.85459,0.63287,0.26636,0.91627,0.0075052,0.0075052,0.0075052
506,1417.49,0.57383,0.29958,0.88669,0.99104,0.99307,0.99245,0.84965,0.63315,0.26591,0.91649,0.00750025,0.00750025,0.00750025
507,1420.51,0.55446,0.29415,0.88437,0.98983,0.99727,0.9948,0.8488,0.62697,0.26728,0.91503,0.0074953,0.0074953,0.0074953
508,1423.37,0.56043,0.29454,0.90065,0.98831,0.99992,0.99493,0.84937,0.62883,0.25991,0.91809,0.00749035,0.00749035,0.00749035
509,1426.14,0.55692,0.29728,0.89027,0.9892,0.99579,0.99486,0.84716,0.63882,0.26454,0.92131,0.0074854,0.0074854,0.0074854
510,1428.89,0.56537,0.29197,0.89359,0.99122,0.99883,0.99496,0.84584,0.63357,0.25988,0.9199,0.00748045,0.00748045,0.00748045
511,1431.67,0.56157,0.2951,0.88991,0.99549,0.99389,0.99323,0.84456,0.64271,0.26767,0.9148,0.0074755,0.0074755,0.0074755
512,1434.5,0.56996,0.30151,0.88965,0.9951,0.9909,0.99239,0.84192,0.65055,0.27158,0.91318,0.00747055,0.00747055,0.00747055
513,1437.25,0.57344,0.29864,0.89696,0.9911,0.99821,0.99336,0.84716,0.6557,0.27024,0.91381,0.0074656,0.0074656,0.0074656
514,1440.08,0.54619,0.29357,0.88366,0.99551,0.99763,0.99233,0.84334,0.65108,0.26691,0.91528,0.00746065,0.00746065,0.00746065
515,1442.9,0.56487,0.28902,0.89423,0.99546,0.99797,0.99305,0.85052,0.65062,0.26395,0.91457,0.0074557,0.0074557,0.0074557
516,1445.9,0.55479,0.28865,0.88733,0.99553,0.99783,0.99283,0.84626,0.64984,0.25835,0.91508,0.00745075,0.00745075,0.00745075
517,1448.77,0.55896,0.29176,0.88778,0.99475,0.99734,0.995,0.85703,0.64273,0.26101,0.91523,0.0074458,0.0074458,0.0074458
518,1451.57,0.55215,0.2904,0.88273,0.99749,0.99683,0.995,0.85618,0.63721,0.26285,0.9147,0.00744085,0.00744085,0.00744085
519,1454.46,0.55945,0.29022,0.88282,0.99825,0.99683,0.995,0.84976,0.63931,0.26304,0.91031,0.0074359,0.0074359,0.0074359
520,1457.33,0.56815,0.29525,0.88812,0.99828,0.99683,0.995,0.85232,0.64813,0.26272,0.91328,0.00743095,0.00743095,0.00743095
521,1460.13,0.5593,0.29432,0.87876,0.9988,0.99683,0.995,0.84764,0.65987,0.26255,0.92304,0.007426,0.007426,0.007426
522,1462.96,0.55794,0.29159,0.89572,0.99854,0.99683,0.995,0.85094,0.66205,0.26607,0.9269,0.00742105,0.00742105,0.00742105
523,1465.71,0.52929,0.28518,0.8822,0.99547,0.99728,0.995,0.84644,0.65547,0.26399,0.92724,0.0074161,0.0074161,0.0074161
524,1468.47,0.54803,0.28826,0.88216,0.99623,0.99346,0.99374,0.8495,0.65416,0.26789,0.92461,0.00741115,0.00741115,0.00741115
525,1471.45,0.56089,0.29259,0.89282,0.99278,0.99344,0.99497,0.85159,0.65194,0.26715,0.92012,0.0074062,0.0074062,0.0074062
526,1474.26,0.54759,0.29091,0.87812,0.99787,0.99649,0.995,0.84789,0.6478,0.26457,0.92098,0.00740125,0.00740125,0.00740125
527,1477.09,0.55126,0.28704,0.8805,0.99906,0.99316,0.99496,0.8507,0.64416,0.25981,0.91819,0.0073963,0.0073963,0.0073963
528,1479.83,0.5675,0.29145,0.89425,0.99927,0.99379,0.995,0.85572,0.63974,0.26213,0.91443,0.00739135,0.00739135,0.00739135
529,1482.66,0.55221,0.29505,0.88524,0.99845,0.99627,0.995,0.85112,0.64143,0.26268,0.91263,0.0073864,0.0073864,0.0073864
530,1485.47,0.55901,0.29526,0.88831,0.99628,0.99349,0.99183,0.85497,0.63674,0.25882,0.90971,0.00738145,0.00738145,0.00738145
531,1488.28,0.55654,0.29098,0.8832,0.99614,0.99353,0.99175,0.85472,0.63476,0.25909,0.90616,0.0073765,0.0073765,0.0073765
532,1491.08,0.56592,0.29397,0.89057,0.99675,0.99316,0.99496,0.8581,0.635,0.25335,0.9041,0.00737155,0.00737155,0.00737155
533,1494.15,0.56422,0.29269,0.88858,0.99629,0.99318,0.99496,0.85629,0.64476,0.25721,0.90946,0.0073666,0.0073666,0.0073666
534,1497.04,0.558,0.2853,0.88388,0.99605,0.99367,0.9926,0.85174,0.65299,0.25936,0.91335,0.00736165,0.00736165,0.00736165
535,1499.84,0.55074,0.28532,0.8836,0.99623,0.99358,0.99276,0.85008,0.6463,0.26045,0.91263,0.0073567,0.0073567,0.0073567
536,1502.65,0.55155,0.28524,0.88662,0.99558,0.99316,0.99216,0.85007,0.63822,0.26372,0.91042,0.00735175,0.00735175,0.00735175
537,1505.6,0.55145,0.2884,0.88967,0.99229,0.99316,0.99299,0.85324,0.63771,0.26175,0.90839,0.0073468,0.0073468,0.0073468
538,1508.5,0.54643,0.28487,0.88478,0.99595,0.99316,0.99493,0.8477,0.64436,0.25978,0.90494,0.00734185,0.00734185,0.00734185
539,1511.27,0.54464,0.28387,0.88468,0.99915,0.9954,0.995,0.85286,0.64023,0.26119,0.90479,0.0073369,0.0073369,0.0073369
540,1514.03,0.53317,0.28163,0.88267,0.99879,0.99517,0.995,0.85219,0.63962,0.26287,0.90998,0.00733195,0.00733195,0.00733195
541,1517.05,0.53746,0.28207,0.88095,0.99891,0.9949,0.995,0.84819,0.64264,0.26276,0.91366,0.007327,0.007327,0.007327
542,1519.81,0.54143,0.28909,0.88408,0.99935,0.99392,0.995,0.85416,0.6457,0.26405,0.91054,0.00732205,0.00732205,0.00732205
543,1522.75,0.56374,0.29057,0.88444,0.99881,0.99462,0.995,0.84991,0.64179,0.26046,0.90665,0.0073171,0.0073171,0.0073171
544,1525.5,0.5454,0.28857,0.88339,0.99125,0.99847,0.99496,0.85279,0.64175,0.26133,0.90574,0.00731215,0.00731215,0.00731215
545,1528.38,0.55446,0.29096,0.88089,0.99899,0.99683,0.995,0.85349,0.63414,0.25793,0.9054,0.0073072,0.0073072,0.0073072
546,1531.13,0.53225,0.28675,0.87838,0.99876,0.99683,0.995,0.85727,0.63564,0.25307,0.90718,0.00730225,0.00730225,0.00730225
547,1533.99,0.54952,0.29458,0.88572,0.99821,0.99944,0.995,0.8563,0.63326,0.25321,0.90803,0.0072973,0.0072973,0.0072973
548,1536.74,0.54386,0.28834,0.87871,0.99943,0.99706,0.995,0.85956,0.6266,0.25518,0.9054,0.00729235,0.00729235,0.00729235
549,1539.79,0.55433,0.28871,0.88379,0.999,0.9948,0.995,0.85426,0.63591,0.25911,0.90659,0.0072874,0.0072874,0.0072874
550,1542.54,0.56496,0.29231,0.89695,0.998,0.99365,0.99497,0.84881,0.63589,0.26157,0.90568,0.00728245,0.00728245,0.00728245
551,1545.29,0.55244,0.28719,0.87812,0.9973,0.99048,0.99494,0.85017,0.63098,0.26063,0.90614,0.0072775,0.0072775,0.0072775
552,1547.98,0.56374,0.29918,0.89571,0.99836,0.99165,0.99497,0.84863,0.64059,0.26041,0.9101,0.00727255,0.00727255,0.00727255
553,1550.74,0.54658,0.28739,0.8964,0.99887,0.99365,0.99497,0.84893,0.64657,0.26365,0.91078,0.0072676,0.0072676,0.0072676
554,1553.58,0.54627,0.2866,0.88655,0.99593,0.99791,0.99497,0.84868,0.65153,0.26072,0.91305,0.00726265,0.00726265,0.00726265
555,1556.45,0.55443,0.28624,0.89173,0.99098,0.99871,0.99496,0.85281,0.64705,0.26033,0.91324,0.0072577,0.0072577,0.0072577
556,1559.44,0.5626,0.29548,0.88331,0.99257,0.99326,0.99481,0.85154,0.63803,0.25803,0.91269,0.00725275,0.00725275,0.00725275
557,1562.23,0.53719,0.28287,0.88159,0.99179,0.99683,0.99493,0.85579,0.63488,0.2574,0.91409,0.0072478,0.0072478,0.0072478
558,1564.92,0.55733,0.29364,0.89257,0.99082,0.99829,0.99493,0.85033,0.64087,0.26034,0.91166,0.00724285,0.00724285,0.00724285
559,1567.73,0.52995,0.2848,0.87173,0.99838,0.99365,0.99494,0.85597,0.63284,0.26193,0.90794,0.0072379,0.0072379,0.0072379
560,1570.4,0.56075,0.29038,0.89793,0.99129,0.99683,0.99493,0.85059,0.63041,0.26307,0.90574,0.00723295,0.00723295,0.00723295
561,1573.22,0.55707,0.28704,0.8873,0.99389,0.9921,0.9943,0.84863,0.63918,0.26202,0.90828,0.007228,0.007228,0.007228
562,1575.94,0.56058,0.28872,0.88246,0.99031,0.99928,0.99433,0.85542,0.63978,0.26409,0.90883,0.00722305,0.00722305,0.00722305
563,1578.73,0.54497,0.28507,0.88091,0.99086,0.99913,0.99493,0.85546,0.64501,0.26557,0.9091,0.0072181,0.0072181,0.0072181
564,1581.48,0.54638,0.28559,0.8871,0.99168,0.99531,0.99493,0.85964,0.64059,0.26511,0.90426,0.00721315,0.00721315,0.00721315
565,1584.68,0.54584,0.28696,0.88629,0.99694,0.99365,0.99497,0.85887,0.63964,0.26295,0.9045,0.0072082,0.0072082,0.0072082
566,1587.53,0.53121,0.28192,0.8735,0.99738,0.99365,0.99497,0.85875,0.64046,0.26163,0.90445,0.00720325,0.00720325,0.00720325
567,1590.39,0.54587,0.28476,0.88302,0.99773,0.99414,0.995,0.85751,0.64193,0.25892,0.90115,0.0071983,0.0071983,0.0071983
568,1593.21,0.53904,0.28455,0.8723,0.99361,1,0.995,0.85287,0.63508,0.25508,0.9011,0.00719335,0.00719335,0.00719335
569,1596.12,0.53059,0.28202,0.88306,0.99689,0.99865,0.995,0.85209,0.63221,0.25589,0.8997,0.0071884,0.0071884,0.0071884
570,1598.81,0.53636,0.28756,0.87444,0.99567,1,0.995,0.85622,0.63531,0.253,0.90214,0.00718345,0.00718345,0.00718345
571,1602.02,0.54329,0.28278,0.88,0.99589,1,0.995,0.85974,0.6379,0.25709,0.90517,0.0071785,0.0071785,0.0071785
572,1604.88,0.53364,0.27844,0.87824,0.99859,0.99316,0.99496,0.85853,0.63751,0.25055,0.90865,0.00717355,0.00717355,0.00717355
573,1607.78,0.51717,0.27473,0.87133,0.9945,0.99931,0.99496,0.85599,0.63572,0.25503,0.90717,0.0071686,0.0071686,0.0071686
574,1610.79,0.53063,0.28176,0.87622,0.99552,0.99702,0.99496,0.85865,0.63638,0.25674,0.90607,0.00716365,0.00716365,0.00716365
575,1613.63,0.5337,0.28036,0.8755,0.99463,0.99634,0.99228,0.8532,0.63401,0.2607,0.91082,0.0071587,0.0071587,0.0071587
576,1616.38,0.53402,0.28221,0.87524,0.99603,0.99634,0.99054,0.84787,0.63282,0.26238,0.91187,0.00715375,0.00715375,0.00715375
577,1619.21,0.53232,0.28301,0.87926,0.99589,0.99485,0.99181,0.84776,0.62743,0.25818,0.91177,0.0071488,0.0071488,0.0071488
578,1622.07,0.52837,0.28043,0.87641,0.99549,0.99574,0.99141,0.84751,0.63176,0.2641,0.91228,0.00714385,0.00714385,0.00714385
579,1624.96,0.5353,0.28261,0.8818,0.99555,0.99107,0.99185,0.84683,0.63075,0.26566,0.91111,0.0071389,0.0071389,0.0071389
580,1627.74,0.53694,0.28144,0.86818,0.99514,0.99365,0.99494,0.85284,0.63699,0.2645,0.91308,0.00713395,0.00713395,0.00713395
581,1630.57,0.54103,0.28298,0.8783,0.99483,0.99365,0.9949,0.85714,0.62061,0.25695,0.90744,0.007129,0.007129,0.007129
582,1633.39,0.54222,0.28567,0.88949,0.99239,0.99362,0.9949,0.85117,0.62269,0.26006,0.90589,0.00712405,0.00712405,0.00712405
583,1636.07,0.53323,0.28321,0.87115,0.99281,0.99479,0.99458,0.85305,0.61093,0.25558,0.90282,0.0071191,0.0071191,0.0071191
584,1639.17,0.53881,0.28501,0.88165,0.99471,0.99634,0.99455,0.85544,0.60564,0.25597,0.90066,0.00711415,0.00711415,0.00711415
585,1642.01,0.54125,0.284,0.87793,0.99569,0.99616,0.99455,0.8598,0.60895,0.25694,0.899,0.0071092,0.0071092,0.0071092
586,1644.64,0.54592,0.28561,0.88329,0.99441,0.99592,0.99437,0.86248,0.60481,0.25364,0.89836,0.00710425,0.00710425,0.00710425
587,1647.75,0.54345,0.28659,0.88475,0.99088,0.9984,0.9933,0.85758,0.61409,0.25653,0.90195,0.0070993,0.0070993,0.0070993
588,1650.73,0.53028,0.27986,0.87772,0.99556,0.99423,0.99197,0.85432,0.62073,0.25998,0.9089,0.00709435,0.00709435,0.00709435
589,1653.53,0.53618,0.28277,0.87908,0.99493,0.99321,0.99171,0.85476,0.62317,0.25843,0.91018,0.0070894,0.0070894,0.0070894
590,1656.29,0.52048,0.27431,0.87798,0.99257,0.99318,0.99206,0.85044,0.62753,0.25442,0.90954,0.00708445,0.00708445,0.00708445
591,1659.1,0.51154,0.27069,0.87315,0.99255,0.99316,0.992,0.85123,0.62752,0.25905,0.90655,0.0070795,0.0070795,0.0070795
592,1661.8,0.52439,0.27183,0.87781,0.99163,0.99307,0.99212,0.85578,0.62431,0.25819,0.90313,0.00707455,0.00707455,0.00707455
593,1664.63,0.51319,0.27016,0.87384,0.99454,0.99342,0.99178,0.85408,0.61775,0.25514,0.9036,0.0070696,0.0070696,0.0070696
594,1667.5,0.51578,0.27843,0.87036,0.99527,0.99212,0.99203,0.85749,0.61471,0.25371,0.90613,0.00706465,0.00706465,0.00706465
595,1670.31,0.54942,0.28464,0.88532,0.99274,0.99566,0.99203,0.85688,0.62133,0.25536,0.91175,0.0070597,0.0070597,0.0070597
596,1673.08,0.52142,0.27314,0.87272,0.9952,0.99073,0.99272,0.8552,0.62792,0.25552,0.91205,0.00705475,0.00705475,0.00705475
597,1675.86,0.53481,0.28462,0.88164,0.99402,0.99107,0.99354,0.85478,0.63451,0.25761,0.91509,0.0070498,0.0070498,0.0070498
598,1678.67,0.52571,0.27578,0.89301,0.99205,0.99091,0.99483,0.8577,0.62897,0.25536,0.91627,0.00704485,0.00704485,0.00704485
599,1681.45,0.5242,0.27665,0.87761,0.99155,0.99505,0.99486,0.85953,0.62121,0.25627,0.91569,0.0070399,0.0070399,0.0070399
600,1684.26,0.53368,0.27861,0.87992,0.99214,0.99434,0.9949,0.85452,0.62863,0.25532,0.91516,0.00703495,0.00703495,0.00703495
601,1687,0.5391,0.27648,0.88055,0.99182,0.99495,0.99493,0.85501,0.63083,0.25592,0.91058,0.00703,0.00703,0.00703
602,1689.93,0.52812,0.2749,0.86763,0.99166,0.99507,0.9949,0.85525,0.62775,0.25592,0.9096,0.00702505,0.00702505,0.00702505
603,1692.93,0.5396,0.28662,0.88227,0.99423,0.99365,0.9949,0.85571,0.63271,0.25816,0.90898,0.0070201,0.0070201,0.0070201
604,1695.66,0.52646,0.27862,0.8743,0.99286,0.99382,0.99497,0.8498,0.63202,0.25707,0.91306,0.00701515,0.00701515,0.00701515
605,1698.36,0.53559,0.28316,0.87887,0.99143,0.9954,0.9942,0.84719,0.62763,0.25997,0.91266,0.0070102,0.0070102,0.0070102
606,1701.08,0.53746,0.28065,0.88584,0.99404,0.98999,0.99314,0.85522,0.62449,0.26102,0.90948,0.00700525,0.00700525,0.00700525
607,1703.71,0.51676,0.28268,0.8813,0.99412,0.98999,0.99365,0.85485,0.61332,0.25952,0.90306,0.0070003,0.0070003,0.0070003
608,1706.48,0.5245,0.28164,0.87916,0.99185,0.99503,0.99388,0.85698,0.61603,0.2554,0.9034,0.00699535,0.00699535,0.00699535
609,1709.15,0.5071,0.27364,0.87065,0.99291,0.99036,0.99241,0.85125,0.61992,0.25758,0.90708,0.0069904,0.0069904,0.0069904
610,1711.95,0.52449,0.27692,0.87737,0.99256,0.99049,0.99218,0.84604,0.62252,0.26076,0.91235,0.00698545,0.00698545,0.00698545
611,1714.97,0.52086,0.27393,0.8745,0.99254,0.99045,0.99209,0.85046,0.62384,0.25801,0.91314,0.0069805,0.0069805,0.0069805
612,1717.76,0.52201,0.27499,0.88374,0.99281,0.99041,0.99244,0.85359,0.62405,0.25763,0.91276,0.00697555,0.00697555,0.00697555
613,1720.45,0.52508,0.27312,0.87654,0.98632,0.99845,0.99367,0.8561,0.62373,0.25512,0.91193,0.0069706,0.0069706,0.0069706
614,1723.07,0.52767,0.27428,0.88187,0.98626,0.99929,0.99479,0.85592,0.6188,0.25353,0.90851,0.00696565,0.00696565,0.00696565
615,1725.9,0.52964,0.27781,0.88006,0.98998,0.99843,0.99468,0.85776,0.61676,0.25021,0.9084,0.0069607,0.0069607,0.0069607
616,1728.65,0.52228,0.27316,0.87345,0.98811,0.99583,0.99415,0.85731,0.6191,0.2507,0.91236,0.00695575,0.00695575,0.00695575
617,1731.26,0.53095,0.27478,0.87685,0.98759,0.99602,0.99483,0.85724,0.61714,0.25036,0.9145,0.0069508,0.0069508,0.0069508
618,1734.12,0.51379,0.27292,0.8784,0.98998,0.99944,0.99493,0.85493,0.61661,0.25033,0.91418,0.00694585,0.00694585,0.00694585
619,1736.81,0.53473,0.27882,0.88248,0.99273,0.99316,0.99442,0.85302,0.62104,0.25874,0.91511,0.0069409,0.0069409,0.0069409
620,1739.52,0.52362,0.27304,0.88434,0.99267,0.99316,0.99489,0.85226,0.62705,0.26054,0.91761,0.00693595,0.00693595,0.00693595
621,1742.18,0.52806,0.27405,0.87796,0.99274,0.99326,0.99496,0.84859,0.62845,0.25971,0.91507,0.006931,0.006931,0.006931
622,1744.9,0.52029,0.27634,0.87257,0.99573,0.99458,0.99496,0.85572,0.62233,0.25797,0.91004,0.00692605,0.00692605,0.00692605
623,1747.56,0.51928,0.27232,0.88206,0.996,0.99416,0.995,0.85597,0.61986,0.25382,0.9093,0.0069211,0.0069211,0.0069211
624,1750.42,0.51176,0.272,0.88485,0.99582,0.99365,0.99494,0.85594,0.62087,0.25815,0.90583,0.00691615,0.00691615,0.00691615
625,1753.21,0.53088,0.2743,0.87816,0.99566,0.99365,0.99494,0.85712,0.62549,0.25685,0.91004,0.0069112,0.0069112,0.0069112
626,1755.98,0.5253,0.27417,0.87882,0.99491,0.99643,0.99478,0.86008,0.63083,0.25296,0.91871,0.00690625,0.00690625,0.00690625
627,1758.93,0.53466,0.28254,0.88011,0.99524,0.99683,0.99475,0.85835,0.62525,0.25232,0.91653,0.0069013,0.0069013,0.0069013
628,1761.51,0.52552,0.27608,0.88383,0.99524,0.99683,0.99475,0.85773,0.62334,0.25694,0.91664,0.00689635,0.00689635,0.00689635
629,1764.33,0.53143,0.27892,0.88713,0.99518,0.99683,0.99486,0.85913,0.61536,0.25404,0.91524,0.0068914,0.0068914,0.0068914
630,1767.05,0.52841,0.27727,0.87944,0.99825,0.99683,0.995,0.85819,0.6067,0.2497,0.91486,0.00688645,0.00688645,0.00688645
631,1769.83,0.51731,0.26799,0.87115,0.99702,0.99316,0.99493,0.85711,0.60906,0.25201,0.91406,0.0068815,0.0068815,0.0068815
632,1772.47,0.51933,0.27291,0.87023,0.99465,0.99145,0.9949,0.85926,0.60841,0.2506,0.90982,0.00687655,0.00687655,0.00687655
633,1775.21,0.51719,0.27487,0.87579,0.99554,0.99042,0.99479,0.86074,0.60688,0.24898,0.90876,0.0068716,0.0068716,0.0068716
634,1778.07,0.51668,0.27414,0.87007,0.99547,0.99081,0.99448,0.85954,0.6092,0.25015,0.90897,0.00686665,0.00686665,0.00686665
635,1781.06,0.53778,0.28178,0.87452,0.99699,0.98999,0.9949,0.86473,0.61009,0.2501,0.90315,0.0068617,0.0068617,0.0068617
636,1783.91,0.52445,0.28156,0.87187,0.99534,0.98999,0.9949,0.86291,0.60474,0.2523,0.89582,0.00685675,0.00685675,0.00685675
637,1786.79,0.52243,0.2788,0.87421,0.99514,0.99036,0.9949,0.86425,0.60376,0.25117,0.89418,0.0068518,0.0068518,0.0068518
638,1789.61,0.52384,0.28161,0.87602,0.99162,0.99711,0.99478,0.86682,0.6028,0.25223,0.8935,0.00684685,0.00684685,0.00684685
639,1792.35,0.51584,0.2764,0.87531,0.99057,0.99635,0.99366,0.86474,0.60239,0.25509,0.89165,0.0068419,0.0068419,0.0068419
640,1795.12,0.51431,0.27854,0.8779,0.99435,0.9904,0.99407,0.86355,0.60638,0.26017,0.88977,0.00683695,0.00683695,0.00683695
641,1798.02,0.51672,0.27744,0.87104,0.99463,0.9904,0.99477,0.8635,0.60405,0.26054,0.89177,0.006832,0.006832,0.006832
642,1800.68,0.51501,0.2737,0.87748,0.99281,0.99052,0.99435,0.86584,0.60955,0.25396,0.89903,0.00682705,0.00682705,0.00682705
643,1803.59,0.51781,0.27661,0.87943,0.99241,0.99091,0.99451,0.86028,0.61265,0.25983,0.9043,0.0068221,0.0068221,0.0068221
644,1806.31,0.49964,0.27175,0.86978,0.99248,0.99066,0.99473,0.85863,0.61505,0.26434,0.90647,0.00681715,0.00681715,0.00681715
645,1809.06,0.52327,0.27364,0.88056,0.99239,0.99098,0.99479,0.8551,0.61517,0.26493,0.90904,0.0068122,0.0068122,0.0068122
646,1811.71,0.52423,0.2737,0.87667,0.99196,0.99309,0.99438,0.85401,0.60809,0.26309,0.90663,0.00680725,0.00680725,0.00680725
647,1814.46,0.50438,0.26603,0.87108,0.99112,0.99273,0.99436,0.85439,0.60504,0.25975,0.904,0.0068023,0.0068023,0.0068023
648,1817.24,0.51781,0.26742,0.87578,0.99122,0.99281,0.9949,0.86083,0.60159,0.25636,0.90324,0.00679735,0.00679735,0.00679735
649,1820.2,0.50586,0.27409,0.8759,0.99061,0.99864,0.9949,0.86758,0.60157,0.2485,0.90341,0.0067924,0.0067924,0.0067924
650,1823.09,0.50373,0.26578,0.87607,0.99556,0.99437,0.99493,0.8686,0.60198,0.2479,0.90625,0.00678745,0.00678745,0.00678745
651,1826.47,0.52081,0.27354,0.87687,0.99579,0.99426,0.99489,0.86415,0.60185,0.24884,0.90816,0.0067825,0.0067825,0.0067825
652,1829.12,0.50356,0.26813,0.86743,0.99563,0.99472,0.99482,0.86023,0.61315,0.24896,0.91572,0.00677755,0.00677755,0.00677755
653,1831.96,0.52088,0.27269,0.88285,0.99567,0.99432,0.99482,0.85647,0.61634,0.25259,0.92028,0.0067726,0.0067726,0.0067726
654,1834.75,0.52086,0.26983,0.87606,0.9957,0.99504,0.99482,0.86036,0.61554,0.25391,0.92462,0.00676765,0.00676765,0.00676765
655,1837.59,0.53102,0.28246,0.87392,0.9955,0.99456,0.99489,0.86009,0.60664,0.25371,0.9213,0.0067627,0.0067627,0.0067627
656,1840.46,0.50699,0.27097,0.87041,0.99577,0.99412,0.995,0.86066,0.6078,0.2518,0.91659,0.00675775,0.00675775,0.00675775
657,1843.25,0.49154,0.26443,0.86517,0.99609,0.99407,0.995,0.86039,0.60678,0.25333,0.9118,0.0067528,0.0067528,0.0067528
658,1846.31,0.49784,0.27096,0.86626,0.99519,0.99365,0.99493,0.85917,0.60949,0.25487,0.91129,0.00674785,0.00674785,0.00674785
659,1848.93,0.50729,0.27533,0.87614,0.99484,0.99365,0.99482,0.86152,0.60481,0.25402,0.90704,0.0067429,0.0067429,0.0067429
660,1851.7,0.5098,0.27236,0.87778,0.99217,0.99009,0.99474,0.858,0.60408,0.25514,0.90669,0.00673795,0.00673795,0.00673795
661,1854.5,0.50434,0.26892,0.87158,0.99672,0.98999,0.9949,0.85625,0.60657,0.25274,0.90913,0.006733,0.006733,0.006733
662,1857.26,0.51848,0.27164,0.87861,0.99825,0.99332,0.99494,0.8543,0.61615,0.25175,0.91214,0.00672805,0.00672805,0.00672805
663,1860,0.51463,0.27242,0.87737,0.99874,0.99515,0.995,0.85389,0.62251,0.24756,0.91545,0.0067231,0.0067231,0.0067231
664,1862.69,0.50372,0.27344,0.869,0.99918,0.99508,0.995,0.85263,0.61295,0.24749,0.9147,0.00671815,0.00671815,0.00671815
665,1865.45,0.51784,0.27577,0.87227,0.99879,0.99506,0.995,0.85719,0.61024,0.24759,0.91273,0.0067132,0.0067132,0.0067132
666,1868.32,0.51016,0.26647,0.87321,0.99899,0.99464,0.995,0.85979,0.60791,0.24631,0.91104,0.00670825,0.00670825,0.00670825
667,1871.02,0.50448,0.27063,0.86717,0.99888,0.99434,0.995,0.86015,0.60554,0.24746,0.91189,0.0067033,0.0067033,0.0067033
668,1873.74,0.51109,0.26834,0.86827,0.99859,0.99365,0.9934,0.85848,0.61077,0.24582,0.91264,0.00669835,0.00669835,0.00669835
669,1876.37,0.50441,0.26374,0.87525,0.99875,0.99418,0.995,0.86127,0.61248,0.24726,0.9097,0.0066934,0.0066934,0.0066934
670,1879.17,0.48979,0.26144,0.86912,0.99905,0.99365,0.99342,0.85791,0.61529,0.24996,0.90947,0.00668845,0.00668845,0.00668845
671,1881.88,0.5037,0.26735,0.86477,0.99915,0.99365,0.99342,0.85682,0.61267,0.25457,0.90674,0.0066835,0.0066835,0.0066835
672,1884.94,0.51461,0.27385,0.87406,0.999,0.99408,0.995,0.86158,0.61524,0.25354,0.90537,0.00667855,0.00667855,0.00667855
673,1887.77,0.50733,0.26557,0.87935,0.99862,0.99365,0.99497,0.86055,0.61796,0.25119,0.90323,0.0066736,0.0066736,0.0066736
674,1890.5,0.50977,0.27368,0.87683,0.99789,0.99421,0.995,0.85955,0.61779,0.24814,0.90237,0.00666865,0.00666865,0.00666865
675,1893.29,0.51318,0.27068,0.87592,0.9959,0.99399,0.995,0.85682,0.61483,0.25093,0.90487,0.0066637,0.0066637,0.0066637
676,1896.08,0.49359,0.26522,0.86532,0.99559,0.99431,0.99496,0.85913,0.61102,0.2512,0.90528,0.00665875,0.00665875,0.00665875
677,1898.91,0.51947,0.27698,0.87195,0.99572,0.99416,0.99496,0.86036,0.60488,0.25003,0.90497,0.0066538,0.0066538,0.0066538
678,1901.73,0.49523,0.26411,0.87303,0.99516,0.99365,0.99493,0.86135,0.60192,0.24949,0.90545,0.00664885,0.00664885,0.00664885
679,1904.64,0.49991,0.26652,0.86679,0.99577,0.99365,0.99497,0.86114,0.6041,0.24996,0.90732,0.0066439,0.0066439,0.0066439
680,1907.66,0.51777,0.26945,0.87435,0.99782,0.99425,0.995,0.85886,0.60854,0.2495,0.90906,0.00663895,0.00663895,0.00663895
681,1910.45,0.52387,0.27385,0.87504,0.99872,0.99677,0.995,0.85341,0.61256,0.24505,0.9109,0.006634,0.006634,0.006634
682,1913.15,0.50803,0.27105,0.86277,0.99851,0.99365,0.99497,0.85681,0.60679,0.24407,0.90886,0.00662905,0.00662905,0.00662905
683,1916.04,0.50409,0.26666,0.87327,0.99515,0.9963,0.99496,0.85627,0.60554,0.24491,0.90677,0.0066241,0.0066241,0.0066241
684,1918.83,0.52156,0.26971,0.87705,0.99166,0.99703,0.99493,0.85493,0.60709,0.24838,0.90485,0.00661915,0.00661915,0.00661915
685,1921.63,0.50315,0.26585,0.86926,0.9949,0.99365,0.99497,0.86056,0.60597,0.24971,0.9018,0.0066142,0.0066142,0.0066142
686,1924.54,0.50287,0.26832,0.86805,0.99741,0.99365,0.99497,0.86417,0.60863,0.2514,0.90083,0.00660925,0.00660925,0.00660925
687,1927.3,0.51409,0.2712,0.86476,0.99783,0.99278,0.99497,0.85816,0.61099,0.25366,0.90008,0.0066043,0.0066043,0.0066043
688,1930.14,0.50685,0.26459,0.86827,0.99639,0.9939,0.99497,0.86306,0.60663,0.25129,0.8978,0.00659935,0.00659935,0.00659935
689,1932.97,0.49399,0.26062,0.86859,0.99527,0.99408,0.99497,0.86217,0.60056,0.2474,0.89613,0.0065944,0.0065944,0.0065944
690,1935.76,0.48784,0.25873,0.8644,0.99436,0.9941,0.99497,0.86125,0.59689,0.24886,0.89679,0.00658945,0.00658945,0.00658945
691,1938.74,0.50031,0.26571,0.86797,0.9951,0.99365,0.99497,0.86135,0.59632,0.25137,0.89849,0.0065845,0.0065845,0.0065845
692,1941.73,0.50285,0.26909,0.8811,0.99513,0.99365,0.99493,0.85994,0.59568,0.2461,0.90084,0.00657955,0.00657955,0.00657955
693,1944.48,0.5092,0.2691,0.87598,0.99511,0.99365,0.99493,0.8606,0.60192,0.2492,0.90516,0.0065746,0.0065746,0.0065746
694,1947.1,0.50717,0.26681,0.87413,0.99861,0.99365,0.99497,0.86111,0.60491,0.24736,0.90645,0.00656965,0.00656965,0.00656965
695,1949.69,0.48888,0.26022,0.87226,0.99137,0.99714,0.99446,0.86478,0.60625,0.24987,0.90583,0.0065647,0.0065647,0.0065647
696,1952.36,0.515,0.27065,0.88752,0.99097,0.99964,0.99487,0.86319,0.60793,0.24803,0.90608,0.00655975,0.00655975,0.00655975
697,1954.92,0.49299,0.26393,0.86905,0.99265,0.99683,0.99496,0.86052,0.60886,0.24835,0.90738,0.0065548,0.0065548,0.0065548
698,1957.46,0.50045,0.2624,0.87856,0.9952,0.99683,0.99493,0.86047,0.60631,0.24704,0.9053,0.00654985,0.00654985,0.00654985
699,1960.05,0.51086,0.2672,0.86865,0.99535,0.99683,0.99496,0.86291,0.6045,0.24491,0.90569,0.0065449,0.0065449,0.0065449
700,1962.73,0.50574,0.26121,0.86721,0.9954,0.99683,0.995,0.86016,0.6099,0.24616,0.90932,0.00653995,0.00653995,0.00653995
701,1965.28,0.50164,0.26509,0.87536,0.99593,0.99733,0.995,0.85926,0.60554,0.24584,0.90777,0.006535,0.006535,0.006535
702,1967.97,0.51549,0.2746,0.88128,0.99599,0.99719,0.995,0.85783,0.60623,0.24336,0.90893,0.00653005,0.00653005,0.00653005
703,1970.66,0.49336,0.26581,0.87266,0.996,0.99479,0.995,0.857,0.60736,0.24413,0.9071,0.0065251,0.0065251,0.0065251
704,1973.28,0.49059,0.26001,0.86916,0.99854,0.99365,0.99494,0.85917,0.60856,0.24571,0.90666,0.00652015,0.00652015,0.00652015
705,1975.94,0.51491,0.2717,0.87693,0.99848,0.99202,0.99494,0.85991,0.60404,0.24808,0.90543,0.0065152,0.0065152,0.0065152
706,1978.59,0.49412,0.26478,0.86827,0.99759,0.98999,0.9933,0.85934,0.60121,0.25059,0.90554,0.00651025,0.00651025,0.00651025
707,1981.18,0.49896,0.2571,0.86566,0.99485,0.98999,0.9932,0.85906,0.59872,0.25051,0.9058,0.0065053,0.0065053,0.0065053
708,1983.82,0.49658,0.26011,0.86642,0.99429,0.98999,0.99452,0.86095,0.59837,0.25269,0.90419,0.00650035,0.00650035,0.00650035
709,1986.3,0.5099,0.26543,0.87282,0.99411,0.99047,0.99375,0.8625,0.59903,0.25039,0.9029,0.0064954,0.0064954,0.0064954
710,1989.11,0.50958,0.26717,0.86966,0.99409,0.99046,0.99375,0.86407,0.59307,0.24486,0.90442,0.00649045,0.00649045,0.00649045
711,1991.6,0.50086,0.26532,0.8797,0.99317,0.99047,0.99405,0.86487,0.59086,0.24575,0.90337,0.0064855,0.0064855,0.0064855
712,1994.1,0.49775,0.26304,0.87019,0.98651,0.99907,0.99367,0.86173,0.58815,0.24496,0.90033,0.00648055,0.00648055,0.00648055
713,1996.69,0.50928,0.26495,0.87165,0.98671,0.99839,0.99408,0.85934,0.59152,0.24362,0.90185,0.0064756,0.0064756,0.0064756
714,1999.25,0.48324,0.26165,0.86974,0.98732,0.99982,0.9949,0.86257,0.59181,0.24656,0.90388,0.00647065,0.00647065,0.00647065
715,2001.9,0.49026,0.26672,0.86798,0.98788,1,0.9949,0.86181,0.59425,0.24209,0.90676,0.0064657,0.0064657,0.0064657
716,2004.41,0.50359,0.268,0.86916,0.9865,1,0.99486,0.86132,0.59638,0.24457,0.90756,0.00646075,0.00646075,0.00646075
717,2007.24,0.48769,0.26097,0.87158,0.99498,0.99492,0.99482,0.86074,0.59394,0.24485,0.90946,0.0064558,0.0064558,0.0064558
718,2009.74,0.50004,0.26435,0.86778,0.99518,0.99519,0.99467,0.86182,0.59358,0.24594,0.9086,0.00645085,0.00645085,0.00645085
719,2012.18,0.48288,0.26137,0.8661,0.99557,0.99473,0.99464,0.8616,0.6017,0.24833,0.91096,0.0064459,0.0064459,0.0064459
720,2014.77,0.5021,0.26411,0.86587,0.99514,0.99512,0.99453,0.86204,0.60501,0.25178,0.91108,0.00644095,0.00644095,0.00644095
721,2017.3,0.48895,0.25889,0.86415,0.99506,0.99496,0.99467,0.86227,0.60545,0.24798,0.9079,0.006436,0.006436,0.006436
722,2019.78,0.4997,0.26206,0.86694,0.9954,0.99413,0.99482,0.86277,0.60654,0.24815,0.90706,0.00643105,0.00643105,0.00643105
723,2022.31,0.49167,0.26138,0.87089,0.99126,0.99483,0.99478,0.86021,0.60819,0.24789,0.90841,0.0064261,0.0064261,0.0064261
724,2024.85,0.49647,0.26628,0.86853,0.99448,0.98999,0.99464,0.85944,0.60821,0.24875,0.90859,0.00642115,0.00642115,0.00642115
725,2027.63,0.49002,0.26039,0.86342,0.99441,0.98999,0.99464,0.85734,0.6047,0.25027,0.90747,0.0064162,0.0064162,0.0064162
726,2030.26,0.48346,0.26596,0.86335,0.99429,0.99565,0.99471,0.85664,0.59926,0.25099,0.90553,0.00641125,0.00641125,0.00641125
727,2032.87,0.47945,0.26157,0.86391,0.99538,0.99475,0.99471,0.85755,0.602,0.25319,0.90605,0.0064063,0.0064063,0.0064063
728,2035.48,0.48902,0.2631,0.87337,0.99584,0.99408,0.99475,0.86096,0.60757,0.24932,0.90777,0.00640135,0.00640135,0.00640135
729,2038.09,0.48548,0.25809,0.87264,0.99582,0.99414,0.99478,0.86262,0.60877,0.24903,0.90975,0.0063964,0.0063964,0.0063964
730,2040.61,0.48241,0.26383,0.86563,0.99555,0.99478,0.99471,0.86395,0.60392,0.24667,0.91187,0.00639145,0.00639145,0.00639145
731,2043.28,0.49583,0.2677,0.87533,0.99353,0.99321,0.99464,0.86336,0.6021,0.24427,0.91461,0.0063865,0.0063865,0.0063865
732,2046.09,0.48433,0.26165,0.87639,0.9949,0.99073,0.99464,0.86326,0.60166,0.24778,0.91224,0.00638155,0.00638155,0.00638155
733,2048.52,0.48856,0.26565,0.86958,0.99413,0.99365,0.99468,0.86217,0.59967,0.24807,0.90792,0.0063766,0.0063766,0.0063766
734,2051.08,0.48304,0.26131,0.86097,0.99471,0.99365,0.99315,0.86245,0.60324,0.24974,0.90834,0.00637165,0.00637165,0.00637165
735,2053.59,0.49586,0.26395,0.87289,0.99484,0.99365,0.99321,0.86596,0.6,0.25129,0.90583,0.0063667,0.0063667,0.0063667
736,2056.17,0.49053,0.2618,0.86873,0.9953,0.99365,0.99327,0.86253,0.59718,0.25178,0.9024,0.00636175,0.00636175,0.00636175
737,2058.71,0.49192,0.26489,0.87206,0.99538,0.99365,0.99482,0.86767,0.59535,0.24687,0.90005,0.0063568,0.0063568,0.0063568
738,2061.31,0.48921,0.26429,0.86587,0.99538,0.99471,0.99486,0.86853,0.59409,0.2436,0.89833,0.00635185,0.00635185,0.00635185
739,2063.8,0.48632,0.25594,0.86633,0.99369,0.99318,0.99479,0.86972,0.59077,0.24764,0.89692,0.0063469,0.0063469,0.0063469
740,2066.71,0.49516,0.26628,0.86861,0.99511,0.99365,0.99317,0.86998,0.59022,0.24969,0.896,0.00634195,0.00634195,0.00634195
741,2069.42,0.49489,0.26294,0.86376,0.99485,0.99271,0.99471,0.87091,0.59539,0.25011,0.8967,0.006337,0.006337,0.006337
742,2072.14,0.48079,0.25693,0.859,0.99505,0.98999,0.99464,0.86815,0.59921,0.24708,0.89865,0.00633205,0.00633205,0.00633205
743,2074.57,0.48857,0.26269,0.86917,0.99485,0.99094,0.9945,0.86754,0.6018,0.24582,0.90236,0.0063271,0.0063271,0.0063271
744,2077.09,0.48047,0.25683,0.86119,0.99251,0.99041,0.99354,0.86431,0.60072,0.24303,0.90659,0.00632215,0.00632215,0.00632215
745,2079.61,0.4827,0.25778,0.8678,0.99028,0.99616,0.99286,0.86351,0.60117,0.24275,0.90788,0.0063172,0.0063172,0.0063172
746,2082.1,0.4741,0.25803,0.85873,0.98995,0.9987,0.99299,0.86527,0.60022,0.24488,0.9089,0.00631225,0.00631225,0.00631225
747,2084.8,0.48082,0.25561,0.86632,0.99,0.99896,0.99366,0.86871,0.59943,0.2458,0.90965,0.0063073,0.0063073,0.0063073
748,2087.27,0.49297,0.26709,0.86751,0.9904,0.99657,0.99453,0.86814,0.59702,0.2453,0.90713,0.00630235,0.00630235,0.00630235
749,2089.79,0.48182,0.2582,0.86861,0.9921,0.99417,0.99446,0.86682,0.59843,0.24761,0.90623,0.0062974,0.0062974,0.0062974
750,2092.34,0.49373,0.25908,0.86934,0.99091,0.99656,0.9945,0.86321,0.60139,0.2494,0.90542,0.00629245,0.00629245,0.00629245
751,2094.86,0.47547,0.25998,0.86516,0.99124,0.99645,0.9945,0.86438,0.59973,0.24591,0.90502,0.0062875,0.0062875,0.0062875
752,2097.34,0.47886,0.25369,0.86798,0.99395,0.98999,0.99449,0.86648,0.59636,0.24768,0.90329,0.00628255,0.00628255,0.00628255
753,2099.87,0.48076,0.26171,0.87146,0.99569,0.99442,0.99449,0.86616,0.59433,0.24923,0.90377,0.0062776,0.0062776,0.0062776
754,2102.39,0.48248,0.26044,0.86635,0.99555,0.99661,0.99457,0.86416,0.58934,0.24617,0.90407,0.00627265,0.00627265,0.00627265
755,2104.95,0.50512,0.26145,0.87257,0.99518,0.99654,0.99464,0.86439,0.58685,0.24414,0.90387,0.0062677,0.0062677,0.0062677
756,2107.75,0.4868,0.25496,0.86494,0.99511,0.99618,0.99482,0.86244,0.58618,0.24412,0.9032,0.00626275,0.00626275,0.00626275
757,2110.24,0.48671,0.25565,0.86894,0.9954,0.99538,0.99478,0.86245,0.58855,0.24274,0.90103,0.0062578,0.0062578,0.0062578
758,2112.88,0.48583,0.26259,0.86729,0.99146,0.99577,0.99478,0.85978,0.58819,0.24449,0.90055,0.00625285,0.00625285,0.00625285
759,2115.33,0.4801,0.26308,0.86842,0.99498,0.99141,0.99482,0.85898,0.58874,0.24313,0.90259,0.0062479,0.0062479,0.0062479
760,2117.9,0.47989,0.25906,0.86677,0.99482,0.99115,0.99478,0.86355,0.58794,0.24481,0.90321,0.00624295,0.00624295,0.00624295
761,2120.42,0.48631,0.25863,0.8653,0.99476,0.99134,0.99478,0.86271,0.58695,0.24298,0.90271,0.006238,0.006238,0.006238
762,2123.03,0.50078,0.26052,0.86436,0.99117,0.99481,0.99478,0.86548,0.58994,0.24258,0.90205,0.00623305,0.00623305,0.00623305
763,2125.87,0.47944,0.25361,0.86297,0.99513,0.99096,0.99482,0.86537,0.58958,0.24513,0.90126,0.0062281,0.0062281,0.0062281
764,2128.69,0.48131,0.2574,0.86599,0.99063,0.99668,0.99478,0.86465,0.588,0.24374,0.90001,0.00622315,0.00622315,0.00622315
765,2131.34,0.49214,0.26287,0.86938,0.99533,0.99449,0.99482,0.86165,0.58836,0.24186,0.90074,0.0062182,0.0062182,0.0062182
766,2134.29,0.4736,0.25699,0.86286,0.99529,0.99461,0.99486,0.86414,0.59195,0.24221,0.90319,0.00621325,0.00621325,0.00621325
767,2136.9,0.48616,0.25733,0.86432,0.99483,0.99611,0.99482,0.86032,0.59264,0.24093,0.90383,0.0062083,0.0062083,0.0062083
768,2139.43,0.48851,0.25537,0.85685,0.99462,0.99625,0.99486,0.86238,0.59559,0.24046,0.90382,0.00620335,0.00620335,0.00620335
769,2142.21,0.48681,0.25981,0.86847,0.99438,0.99629,0.99489,0.86253,0.59799,0.24195,0.90245,0.0061984,0.0061984,0.0061984
770,2144.65,0.486,0.25664,0.86264,0.99574,0.99446,0.99486,0.86184,0.59768,0.24102,0.90074,0.00619345,0.00619345,0.00619345
771,2147.21,0.48776,0.26182,0.86522,0.99451,0.99365,0.99475,0.86325,0.59459,0.24066,0.89935,0.0061885,0.0061885,0.0061885
772,2149.66,0.48693,0.25685,0.86968,0.99045,0.99683,0.99468,0.86087,0.58788,0.23913,0.8977,0.00618355,0.00618355,0.00618355
773,2152.12,0.47955,0.25889,0.86422,0.99507,0.9958,0.99478,0.8623,0.58952,0.24267,0.89968,0.0061786,0.0061786,0.0061786
774,2154.55,0.49121,0.25619,0.86312,0.99562,0.99447,0.99482,0.86129,0.59059,0.2397,0.89955,0.00617365,0.00617365,0.00617365
775,2157.14,0.49059,0.26575,0.87346,0.99563,0.99421,0.99471,0.8611,0.59116,0.23941,0.8987,0.0061687,0.0061687,0.0061687
776,2159.98,0.47116,0.25814,0.86449,0.99308,0.99675,0.99467,0.86148,0.59145,0.24021,0.89884,0.00616375,0.00616375,0.00616375
777,2162.43,0.46386,0.25132,0.85819,0.99467,0.99362,0.99457,0.8622,0.59136,0.23712,0.89962,0.0061588,0.0061588,0.0061588
778,2164.96,0.46964,0.25311,0.85818,0.99552,0.99382,0.99453,0.86088,0.59204,0.23864,0.90034,0.00615385,0.00615385,0.00615385
779,2167.58,0.47501,0.25196,0.86212,0.99511,0.99438,0.99449,0.86568,0.59303,0.2373,0.90072,0.0061489,0.0061489,0.0061489
780,2170.17,0.47891,0.2533,0.86557,0.99527,0.99542,0.99449,0.86488,0.59243,0.23743,0.90207,0.00614395,0.00614395,0.00614395
781,2172.75,0.4757,0.26075,0.86652,0.99538,0.9971,0.99453,0.86496,0.5884,0.23556,0.90258,0.006139,0.006139,0.006139
782,2175.46,0.46428,0.2497,0.85595,0.99551,0.9974,0.99457,0.8632,0.58943,0.23512,0.90325,0.00613405,0.00613405,0.00613405
783,2178,0.48027,0.25468,0.86078,0.99559,0.99728,0.99453,0.86447,0.58993,0.23375,0.90272,0.0061291,0.0061291,0.0061291
784,2180.71,0.47284,0.25445,0.85754,0.99525,0.99683,0.99446,0.86683,0.58946,0.23515,0.90256,0.00612415,0.00612415,0.00612415
785,2183.42,0.48217,0.26016,0.87073,0.99537,0.99683,0.99453,0.87095,0.58879,0.23067,0.90164,0.0061192,0.0061192,0.0061192
786,2186.04,0.46711,0.25482,0.8651,0.99537,0.99683,0.99453,0.87117,0.58307,0.22906,0.8995,0.00611425,0.00611425,0.00611425
787,2188.8,0.46386,0.25042,0.8616,0.99542,0.99683,0.99457,0.87125,0.58039,0.23049,0.8991,0.0061093,0.0061093,0.0061093
788,2191.38,0.46155,0.24972,0.86447,0.99477,0.99683,0.99464,0.87149,0.57966,0.23092,0.89914,0.00610435,0.00610435,0.00610435
789,2194.11,0.48283,0.25923,0.85729,0.992,0.99683,0.99461,0.86884,0.5776,0.23171,0.89876,0.0060994,0.0060994,0.0060994
790,2196.7,0.47491,0.25513,0.86074,0.99199,0.99474,0.99461,0.86743,0.5772,0.23153,0.89815,0.00609445,0.00609445,0.00609445
791,2199.13,0.46875,0.25061,0.86083,0.99185,0.99683,0.99453,0.86765,0.57469,0.23211,0.8973,0.0060895,0.0060895,0.0060895
792,2201.71,0.4566,0.24768,0.85293,0.99095,0.99647,0.99471,0.86978,0.57203,0.23049,0.8959,0.00608455,0.00608455,0.00608455
793,2204.6,0.46126,0.24961,0.86769,0.99377,0.99365,0.99486,0.87028,0.57284,0.23099,0.89762,0.0060796,0.0060796,0.0060796
794,2207.22,0.47902,0.25988,0.86729,0.99438,0.99365,0.99486,0.87274,0.57249,0.23062,0.8992,0.00607465,0.00607465,0.00607465
795,2209.96,0.46701,0.25453,0.86679,0.99489,0.99365,0.99486,0.86873,0.57245,0.23122,0.90023,0.0060697,0.0060697,0.0060697
796,2212.69,0.48876,0.25743,0.87157,0.99529,0.99365,0.99486,0.86823,0.57298,0.23302,0.90152,0.00606475,0.00606475,0.00606475
797,2215.67,0.47247,0.25365,0.86543,0.99575,0.99424,0.99493,0.87031,0.57095,0.23323,0.90251,0.0060598,0.0060598,0.0060598
798,2218.64,0.46891,0.248,0.85777,0.99567,0.99448,0.99489,0.87372,0.57298,0.2323,0.90365,0.00605485,0.00605485,0.00605485
799,2221.56,0.48255,0.25551,0.86376,0.99555,0.99503,0.99489,0.87063,0.57685,0.2331,0.90514,0.0060499,0.0060499,0.0060499
800,2224.49,0.47528,0.2516,0.86989,0.99518,0.99683,0.99482,0.86727,0.5766,0.23262,0.90591,0.00604495,0.00604495,0.00604495
801,2227.12,0.47782,0.25496,0.86025,0.99483,0.99683,0.99486,0.86605,0.57635,0.23273,0.90782,0.00604,0.00604,0.00604
802,2229.77,0.47618,0.25845,0.86912,0.99064,1,0.99486,0.8652,0.57776,0.23213,0.90879,0.00603505,0.00603505,0.00603505
803,2232.39,0.4676,0.25492,0.87366,0.99176,1,0.99486,0.86523,0.57519,0.23085,0.9087,0.0060301,0.0060301,0.0060301
804,2235,0.46926,0.25217,0.85434,0.99206,1,0.99486,0.87112,0.57001,0.22807,0.90767,0.00602515,0.00602515,0.00602515
805,2237.46,0.46578,0.25044,0.86383,0.9924,1,0.99478,0.87051,0.56694,0.22862,0.90603,0.0060202,0.0060202,0.0060202
806,2240.09,0.46443,0.24877,0.86064,0.99252,1,0.99437,0.87393,0.56939,0.2292,0.90706,0.00601525,0.00601525,0.00601525
807,2243.03,0.47628,0.25724,0.87049,0.99193,1,0.99478,0.87348,0.57009,0.22893,0.90712,0.0060103,0.0060103,0.0060103
808,2245.5,0.47262,0.25425,0.85759,0.99569,1,0.99482,0.87335,0.57006,0.22861,0.90466,0.00600535,0.00600535,0.00600535
809,2248.12,0.47513,0.25544,0.86349,0.9956,1,0.99489,0.87091,0.57188,0.22865,0.90584,0.0060004,0.0060004,0.0060004
810,2250.55,0.45911,0.25122,0.86128,0.99452,0.99953,0.99493,0.86938,0.57554,0.23105,0.90795,0.00599545,0.00599545,0.00599545
811,2253.01,0.47652,0.2531,0.86382,0.99585,0.99708,0.995,0.86806,0.58181,0.23269,0.91036,0.0059905,0.0059905,0.0059905
812,2255.58,0.4641,0.24983,0.8651,0.99504,0.99694,0.995,0.86694,0.58198,0.23482,0.90987,0.00598555,0.00598555,0.00598555
813,2258.11,0.46443,0.25209,0.86235,0.99408,0.99667,0.99496,0.87009,0.58206,0.23476,0.90941,0.0059806,0.0059806,0.0059806
814,2260.62,0.45131,0.24754,0.85765,0.99392,0.99678,0.99482,0.87053,0.58238,0.23426,0.90787,0.00597565,0.00597565,0.00597565
815,2263.13,0.45589,0.24827,0.8638,0.99395,0.99675,0.99482,0.87169,0.58085,0.2325,0.90437,0.0059707,0.0059707,0.0059707
816,2265.89,0.45779,0.24709,0.85475,0.99531,0.99683,0.99475,0.86965,0.58155,0.23237,0.90252,0.00596575,0.00596575,0.00596575
817,2268.57,0.45885,0.25839,0.86137,0.99554,0.99683,0.99471,0.86913,0.58099,0.23208,0.90128,0.0059608,0.0059608,0.0059608
818,2271.24,0.46759,0.25102,0.86611,0.99503,0.99658,0.99478,0.86714,0.57975,0.23142,0.89858,0.00595585,0.00595585,0.00595585
819,2273.86,0.45951,0.25345,0.85916,0.99573,0.99683,0.99482,0.86957,0.58067,0.23111,0.89795,0.0059509,0.0059509,0.0059509
820,2276.29,0.45939,0.25594,0.84961,0.99555,0.99683,0.99482,0.87064,0.57838,0.23116,0.89663,0.00594595,0.00594595,0.00594595
821,2278.82,0.4735,0.25345,0.86438,0.99557,0.99683,0.99482,0.8713,0.57506,0.2284,0.8968,0.005941,0.005941,0.005941
822,2281.57,0.46141,0.25437,0.85927,0.99562,0.99683,0.99489,0.87085,0.57409,0.23144,0.8973,0.00593605,0.00593605,0.00593605
823,2284.09,0.46385,0.25065,0.86581,0.99555,0.99683,0.99489,0.87386,0.57333,0.23045,0.89717,0.0059311,0.0059311,0.0059311
824,2286.61,0.46803,0.25118,0.86413,0.99546,0.99683,0.99496,0.87108,0.57296,0.23128,0.89712,0.00592615,0.00592615,0.00592615
825,2289.12,0.46467,0.25233,0.85875,0.99508,0.99683,0.995,0.86935,0.57509,0.22974,0.89907,0.0059212,0.0059212,0.0059212
826,2291.62,0.47112,0.25301,0.86382,0.99427,0.99474,0.99496,0.87008,0.57172,0.23178,0.8991,0.00591625,0.00591625,0.00591625
827,2294.12,0.47017,0.2561,0.85856,0.99565,0.99683,0.995,0.87127,0.57344,0.23088,0.8995,0.0059113,0.0059113,0.0059113
828,2296.58,0.4516,0.24788,0.85973,0.99575,0.99683,0.995,0.87091,0.57639,0.2318,0.90042,0.00590635,0.00590635,0.00590635
829,2299.23,0.45705,0.24867,0.85685,0.9971,0.99683,0.995,0.87254,0.57494,0.23032,0.90133,0.0059014,0.0059014,0.0059014
830,2301.71,0.45369,0.25015,0.86854,0.99785,0.99683,0.995,0.87123,0.57173,0.23022,0.90155,0.00589645,0.00589645,0.00589645
831,2304.22,0.47656,0.25209,0.86272,0.9979,0.99683,0.995,0.87057,0.57272,0.23234,0.9024,0.0058915,0.0058915,0.0058915
832,2306.65,0.46561,0.25009,0.85875,0.99665,0.99683,0.995,0.87092,0.56946,0.2301,0.90019,0.00588655,0.00588655,0.00588655
833,2309.08,0.44653,0.24132,0.85696,0.99552,0.99683,0.995,0.87165,0.56718,0.22873,0.89847,0.0058816,0.0058816,0.0058816
834,2311.69,0.46134,0.2464,0.8635,0.99413,0.99975,0.99496,0.87348,0.56514,0.22417,0.89738,0.00587665,0.00587665,0.00587665
835,2314.27,0.47656,0.24712,0.86628,0.99545,0.99985,0.99496,0.87385,0.5657,0.22591,0.89546,0.0058717,0.0058717,0.0058717
836,2316.9,0.4767,0.25819,0.86406,0.99517,0.998,0.99493,0.87484,0.56805,0.22563,0.89351,0.00586675,0.00586675,0.00586675
837,2319.47,0.46285,0.24898,0.86189,0.99525,0.99695,0.99493,0.87549,0.56753,0.22554,0.89131,0.0058618,0.0058618,0.0058618
